Metadata_Plate,negcon,poscon,trt
1053597806,32,32,318
1053597837,32,32,320
1053597844,32,32,320
1053597851,32,32,320
1053597875,32,32,320
1053597882,32,32,320
1053597929,32,32,320
1053597936,65,11,308
1053597943,32,32,320
1053597950,32,32,317
1053597967,32,32,320
1053597974,32,32,320
1053597981,32,32,320
1053597998,32,32,319
1053598001,32,32,320
1053599503,64,11,303
1053599534,32,32,80
1053599541,32,32,160
1053599558,32,32,80
1053599565,32,32,160
1053599572,32,32,320
1053599589,32,32,320
1053599596,32,32,320
1053599602,32,32,319
1053599619,32,32,320
1053599626,32,32,320
1053599633,32,32,320
1053599640,32,32,320
1053599657,32,32,319
1053599664,32,32,320
1053599671,32,32,320
1053599688,32,32,320
1053599695,32,32,320
1053600674,65,11,307
1053600681,384,0,0
1053600704,32,32,318
1053600711,32,32,319
1053600728,32,32,316
1053600735,32,32,318
1053600742,32,32,316
1053600759,32,32,320
1053600766,32,32,316
1053600773,32,32,318
1053600780,32,32,317
1053600797,32,32,310
1053600803,32,32,317
1053600810,32,32,314
1053600827,32,32,319
1053600834,32,32,315
1053600841,32,32,319
1053600858,32,32,316
1053600865,32,32,319
1053600872,32,32,313
1053600889,32,32,319
1053600896,32,32,319
1053601756,32,32,160
1053601763,32,32,198
1053601770,32,32,159
1053601787,32,32,200
1053601794,32,32,317
1053601800,32,32,319
1053601817,32,32,317
1053601824,32,32,318
1053601831,32,32,317
1053601848,32,32,318
1053601855,32,32,319
1053601862,32,32,318
1053601879,32,32,239
1053601909,32,32,319
1053601923,32,32,315
1053601947,32,32,318
1086289648,32,32,320
1086289655,384,0,0
1086289662,32,32,320
1086289679,32,32,320
1086289686,65,11,308
1086289693,32,32,320
1086289709,32,32,320
1086289716,32,32,320
1086289730,32,32,320
1086289747,32,32,320
1086289754,32,32,320
1086289761,32,32,310
1086289778,32,32,317
1086289785,32,32,313
1086289792,32,33,211
1086290323,32,32,296
1086290330,32,32,320
1086290347,32,32,317
1086290354,32,32,318
1086290361,32,32,314
1086290453,384,0,0
1086290477,384,0,0
1086290484,32,32,238
1086290521,32,32,318
1086290644,32,32,318
1086290668,32,32,318
1086291917,32,32,219
1086291924,32,32,239
1086291931,32,32,227
1086291948,32,33,248
1086291955,32,32,228
1086291962,32,32,230
1086291979,32,32,228
1086291986,32,32,245
1086292006,32,32,213
1086292013,32,32,220
1086292020,32,32,221
1086292037,65,11,307
1086292044,32,32,196
1086292051,32,32,205
1086292068,32,33,219
1086292075,32,33,199
1086292082,32,32,230
1086292099,32,32,226
1086292105,31,33,237
1086292112,32,32,248
1086292129,32,32,218
1086292136,32,32,217
1086292143,31,31,220
1086292150,32,32,232
1086292167,384,0,0
1086292259,384,0,0
1086292266,32,32,297
1086292273,32,32,295
1086292280,32,32,290
1086292297,32,32,286
1086292303,32,32,299
1086292310,32,32,297
1086292327,32,32,305
1086292341,32,32,299
1086292358,32,32,295
1086292365,32,32,303
1086292372,32,32,290
1086292389,65,11,307
1086292396,32,32,303
1086292402,32,32,303
1086292419,32,32,302
1086292426,32,32,305
1086292433,32,32,231
1086292440,32,32,228
1086292457,32,33,238
1086292464,32,32,248
1086292471,32,32,218
1086292488,32,32,219
1086292495,32,32,218
1086292501,32,32,233
1086292518,384,0,0
1086292723,32,32,317
1086292730,384,0,0
1086292747,32,32,320
1086292754,32,32,320
1086292761,32,32,319
1086292778,32,32,320
1086292792,32,32,320
1086292822,32,32,320
1086292839,32,32,320
1086292846,32,32,320
1086292853,32,32,320
1086292860,32,32,320
1086292884,65,11,307
1086292891,32,32,320
1086292907,32,32,320
1086292914,32,32,320
1086292921,32,32,320
1086292938,32,32,320
1086292945,32,32,320
1086292952,32,32,320
1086292969,32,32,320
1086292976,32,32,319
1086293027,383,0,0
1086293034,32,32,312
1086293065,32,32,316
1086293072,32,32,316
1086293089,32,32,314
1086293096,32,32,315
1086293102,32,32,320
1086293119,32,32,315
1086293126,32,32,312
1086293133,65,11,307
1086293157,32,32,309
1086293164,32,32,308
1086293171,32,32,314
1086293188,32,32,312
1086293195,32,32,309
1086293201,32,32,309
1086293218,32,32,310
1086293225,32,32,316
1086293232,32,32,308
1086293386,384,0,0
1086293393,32,32,237
1086293409,32,32,235
1086293416,32,32,239
1086293423,32,32,236
1086293430,32,32,241
1086293447,32,32,252
1086293454,32,32,238
1086293461,32,32,251
1086293478,32,32,320
1086293485,32,32,317
1086293492,65,11,308
1086293508,32,32,319
1086293515,32,32,319
1086293522,32,32,320
1086293539,32,32,318
1086293546,32,32,316
1086293553,32,32,314
1086293560,32,32,317
1086293812,32,32,320
1086293829,32,32,320
1086293836,32,32,320
1086293843,32,32,320
1086293850,32,32,320
1086293867,32,32,320
1086293874,32,32,320
1086293881,32,32,320
1086293898,32,32,319
1086293904,32,32,320
1086293911,65,11,307
1086293935,32,32,320
1086293942,32,32,169
1086293959,32,32,288
1086293966,32,32,176
1086293973,32,32,288
1086293980,32,32,320
1086293997,32,32,319
1086294000,32,32,320
1086294017,32,32,320
1086294024,384,0,0
110000293081,64,11,309
110000293082,32,32,320
110000293083,32,32,320
110000293084,32,32,320
110000293085,32,32,320
110000293086,32,32,320
110000293087,32,32,320
110000293088,32,32,320
110000293089,32,32,320
110000293091,384,0,0
110000293093,64,11,309
110000293094,32,32,320
110000293095,32,32,320
110000293096,32,32,320
110000293097,32,32,320
110000293098,32,32,319
110000293236,32,32,320
110000293237,32,32,320
110000293238,32,32,320
110000294881,64,11,309
110000294882,32,32,320
110000294883,32,32,320
110000294884,32,32,319
110000294885,32,32,320
110000294886,32,32,320
110000294887,32,32,320
110000294888,32,32,320
110000294889,32,32,320
110000294890,32,32,320
110000294891,32,32,320
110000294892,32,32,319
110000294893,32,32,314
110000294899,384,0,0
110000294901,64,11,309
110000294902,32,32,320
110000294903,32,32,320
110000294904,32,32,320
110000294905,32,32,318
110000294906,32,32,320
110000294907,32,32,320
110000294908,32,32,320
110000294909,32,32,320
110000294936,65,11,308
110000294938,384,0,0
110000295491,32,32,316
110000295492,32,32,319
110000295493,32,32,317
110000295494,32,32,317
110000295495,32,32,316
110000295496,32,32,317
110000295497,32,32,320
110000295498,32,32,320
110000295503,32,32,296
110000295504,32,32,302
110000295505,32,32,297
110000295506,32,32,302
110000295507,32,32,298
110000295508,32,32,293
110000295509,32,32,281
110000295510,32,32,296
110000295511,68,11,305
110000295514,65,11,308
110000295516,384,0,0
110000295539,384,0,0
110000295541,66,11,307
110000295542,32,32,320
110000295543,32,32,319
110000295544,32,32,319
110000295545,32,32,315
110000295559,384,0,0
110000295561,65,11,308
110000295562,32,32,320
110000295563,32,32,320
110000295564,32,32,320
110000295565,32,32,320
110000295566,32,32,320
110000295567,32,32,319
110000295568,32,32,320
110000295569,32,32,320
110000295570,32,32,320
110000295571,32,32,320
110000295572,32,32,320
110000295573,32,32,320
110000295575,32,32,264
110000295576,32,32,259
110000295577,32,32,206
110000295578,32,32,207
110000295599,384,0,0
110000295601,67,11,306
110000295602,32,32,227
110000295603,32,32,227
110000295604,32,32,217
110000295605,32,32,206
110000295606,32,32,229
110000295607,32,32,229
110000295608,32,32,220
110000295609,32,32,210
110000295610,32,32,246
110000295611,32,32,239
110000295612,32,33,253
110000295613,32,32,208
110000295615,32,32,242
110000295616,32,32,239
110000295617,32,33,253
110000295618,32,32,208
110000295619,32,32,213
110000295620,32,32,253
110000295621,32,32,253
110000295622,32,33,216
110000295624,32,32,304
110000295625,32,32,310
110000295626,32,32,296
110000295627,67,11,306
110000295629,384,0,0
110000296159,384,0,0
110000296161,65,11,308
110000296162,32,32,320
110000296163,32,32,320
110000296164,32,32,317
110000296165,32,32,320
110000296166,32,32,320
110000296167,32,32,320
110000296168,32,32,185
110000296169,32,32,96
110000296170,32,32,316
110000296171,32,32,318
110000296172,32,32,319
110000296173,32,32,318
110000296175,32,32,315
110000296176,32,32,318
110000296177,32,32,319
110000296178,32,32,318
110000296288,32,33,222
110000296289,32,32,248
110000296294,32,34,219
110000296295,32,32,183
110000296296,65,11,308
110000296298,384,0,0
110000296299,32,32,319
110000296300,32,32,320
110000296301,32,32,318
110000296302,32,32,319
110000296303,32,32,320
110000296304,32,32,320
110000296305,32,32,320
110000296306,32,32,318
110000296307,32,32,320
110000296308,32,32,319
110000296309,32,32,55
110000296310,32,32,0
110000296311,65,11,308
110000296319,384,0,0
110000296322,32,32,192
110000296323,32,32,320
110000296324,32,32,320
110000296325,32,32,192
110000296326,32,32,320
110000296327,32,32,320
110000296328,32,32,320
110000296329,32,32,320
110000296330,32,32,319
110000296331,32,32,320
110000296332,32,32,318
110000296333,32,32,318
110000296337,384,0,0
110000296339,64,11,309
110000296340,32,32,320
110000296341,32,32,320
110000296342,32,32,319
110000296343,32,32,320
110000296344,32,32,320
110000296345,32,32,320
110000296346,32,32,319
110000296347,32,32,320
110000296350,32,32,319
110000296351,32,32,319
110000296352,32,32,320
110000296353,32,32,320
110000296354,32,32,319
110000296355,32,32,319
110000296356,64,11,309
110000296358,384,0,0
110000296361,64,11,309
110000296366,32,32,320
110000296367,32,32,320
110000296368,32,32,320
110000296369,32,32,320
110000296370,32,32,320
110000296371,32,32,319
110000296372,32,32,320
110000296373,32,32,320
110000296375,32,32,320
110000296376,32,32,320
110000296377,32,32,320
110000296378,32,32,320
110000296379,32,32,320
110000296380,32,32,320
110000296381,32,32,320
110000296382,32,32,320
110000296383,32,32,320
110000296384,32,32,320
110000296385,32,32,320
110000296386,32,32,320
110000296387,64,11,309
110000296389,384,0,0
110000296682,64,11,309
110000296683,32,32,320
110000296684,32,32,320
110000296685,32,32,320
110000296686,32,32,320
110000296687,32,32,315
110000296688,32,32,318
110000296689,32,32,316
110000296690,32,32,318
110000296691,32,32,320
110000297099,32,32,320
110000297100,32,32,306
110000297101,32,32,298
110000297102,32,32,281
110000297103,32,32,302
110000297105,32,32,304
110000297106,32,32,214
110000297107,32,32,210
110000297108,32,32,206
110000297109,32,32,193
110000297110,32,32,320
110000297111,32,32,320
110000297112,32,32,320
110000297113,32,32,320
110000297114,32,32,320
110000297115,32,32,320
110000297116,66,11,307
110000297118,384,0,0
110000297120,384,0,0
110000297122,66,11,307
110000297123,32,32,314
110000297124,32,32,313
110000297125,32,32,317
110000297126,32,32,317
110000297127,32,32,320
110000297128,32,32,319
110000297130,32,32,315
110000297131,32,32,317
110000297132,32,32,0
110000297133,32,32,79
110000297134,32,32,159
A1166127,64,11,309
A1166128,384,0,0
A1166130,32,33,217
A1166131,32,32,244
A1166132,32,32,188
A1166133,32,32,200
A1166134,32,32,206
A1166135,32,32,206
A1166136,32,34,213
A1166137,32,32,171
A1166138,32,32,320
A1166139,32,32,320
A1166140,32,32,320
A1166141,32,32,320
A1166142,32,32,320
A1166143,32,32,320
A1166144,32,32,320
A1166145,32,32,320
A1166146,32,32,320
A1166147,32,32,160
A1166150,32,32,320
A1166151,32,32,320
A1166152,32,32,320
A1166153,32,32,320
A1166154,32,32,320
A1166155,32,32,320
A1166156,32,32,320
A1166157,32,32,320
A1166158,32,32,320
A1166159,32,32,320
A1166160,32,32,320
A1166161,32,32,320
A1166162,32,32,320
A1166163,32,32,320
A1166164,32,32,320
A1166165,32,32,320
A1166166,32,32,320
A1166167,32,32,320
A1166168,32,32,320
A1166169,32,32,320
A1166170,32,32,320
A1166171,32,32,320
A1166172,32,32,320
A1166173,32,32,320
A1166174,32,32,320
A1166175,32,32,320
A1166176,32,32,320
A1166177,32,32,320
A1166179,64,11,309
A1166180,384,0,0
A1170384,64,11,309
A1170385,32,32,320
A1170386,32,32,320
A1170387,32,32,320
A1170388,32,32,320
A1170389,32,32,320
A1170390,32,32,320
A1170391,32,32,320
A1170392,32,32,320
A1170393,32,32,319
A1170394,32,32,320
A1170395,32,32,319
A1170396,32,32,320
A1170397,32,32,320
A1170398,32,32,320
A1170399,32,32,319
A1170400,32,32,320
A1170401,32,32,320
A1170402,32,32,320
A1170403,32,32,320
A1170404,32,32,320
A1170405,32,32,320
A1170406,32,32,320
A1170407,32,32,320
A1170408,32,32,320
A1170409,32,32,320
A1170410,32,32,320
A1170411,32,32,320
A1170412,32,32,320
A1170413,32,32,320
A1170414,32,32,320
A1170415,32,32,320
A1170416,32,32,320
A1170417,32,32,320
A1170418,32,32,320
A1170419,32,32,320
A1170420,32,32,320
A1170421,32,32,55
A1170423,32,32,320
A1170424,32,32,320
A1170425,32,32,318
A1170427,32,32,316
A1170428,32,32,314
A1170429,32,32,306
A1170430,32,32,67
A1170431,32,32,306
A1170432,32,32,304
A1170433,384,0,0
A1170437,32,32,318
A1170438,32,32,320
A1170439,32,32,320
A1170440,32,32,319
A1170441,32,32,315
A1170442,32,32,317
A1170443,32,32,319
A1170444,32,32,317
A1170445,32,32,315
A1170446,32,32,316
A1170447,32,32,316
A1170448,32,32,319
A1170449,32,32,318
A1170450,32,32,315
A1170451,32,32,313
A1170452,32,32,319
A1170453,32,32,311
A1170454,32,32,312
A1170455,32,32,314
A1170456,32,32,309
A1170457,32,32,316
A1170458,32,32,309
A1170459,32,32,316
A1170460,32,32,303
A1170461,32,32,306
A1170462,32,32,310
A1170463,32,32,313
A1170464,32,32,315
A1170465,32,32,313
A1170466,32,32,318
A1170467,32,32,312
A1170468,32,32,316
A1170469,32,32,316
A1170470,32,32,318
A1170471,32,32,319
A1170472,32,32,318
A1170473,32,32,317
A1170474,32,32,317
A1170475,32,32,313
A1170476,32,32,314
A1170477,32,32,315
A1170478,32,32,319
A1170479,32,32,319
A1170480,32,32,320
A1170481,32,32,318
A1170482,32,32,317
A1170483,32,32,318
A1170484,32,32,319
A1170485,32,32,315
A1170486,32,32,318
A1170487,32,32,319
A1170488,32,32,318
A1170490,64,11,309
A1170491,384,0,0
A1170493,32,32,316
A1170494,32,32,319
A1170495,32,32,317
A1170496,32,32,317
A1170497,32,32,320
A1170498,32,32,320
A1170499,32,32,319
A1170500,32,32,317
A1170501,32,32,316
A1170502,32,32,317
A1170503,32,32,320
A1170504,32,32,320
A1170505,32,32,317
A1170506,32,32,315
A1170507,32,32,319
A1170508,32,32,320
A1170509,32,32,319
A1170510,32,32,159
A1170511,32,32,79
A1170513,32,32,296
A1170514,32,32,281
A1170515,32,32,292
A1170516,32,32,298
A1170517,32,32,302
A1170518,32,32,297
A1170519,32,32,302
A1170520,32,32,296
A1170521,32,32,302
A1170522,32,32,279
A1170523,32,32,298
A1170524,32,32,306
A1170525,32,32,304
A1170526,32,32,304
A1170527,32,32,310
A1170528,32,32,296
A1170529,32,32,212
A1170530,32,32,253
A1170531,32,32,244
A1170532,32,33,211
A1170533,32,32,238
A1170534,32,32,236
A1170535,32,33,249
A1170536,32,32,203
A1170537,32,32,223
A1170538,32,32,224
A1170539,32,32,217
A1170540,32,32,206
A1170541,32,32,261
A1170542,32,32,252
A1170543,32,32,198
A1170544,32,32,200
ACPJUM012,64,11,309
ACPJUM032,64,11,307
ACPJUM051,64,11,309
ACPJUM052,64,11,309
ACPJUM061,64,11,309
ACPJUM062,64,11,309
ACPJUM071,64,11,309
ACPJUM072,64,11,309
ACPJUM081,64,11,309
ACPJUM082,64,11,309
ACPJUM091,64,11,309
ACPJUM102,64,11,309
ACPJUM111,64,11,309
ACPJUM112,64,11,309
ACPJUM121,64,11,309
ACPJUM141,64,11,309
ACPJUM142,64,11,309
ACPJUM151,64,11,309
ACPJUM161,64,11,309
ACPJUM162,64,11,309
ACPJUM181,64,11,309
ACPJUM182,64,11,309
ACPJUM191,64,11,309
ACPJUM192,64,11,309
AEOJUM201,32,32,320
AEOJUM202,32,32,320
AEOJUM203,32,32,320
AEOJUM204,32,32,320
AEOJUM205,32,32,320
AEOJUM301,32,32,320
AEOJUM303,32,32,320
AEOJUM304,32,32,320
AEOJUM305,32,32,320
AEOJUM306,32,32,320
AEOJUM307,32,32,80
AEOJUM401,32,32,320
AEOJUM402,32,32,320
AEOJUM403,32,32,320
AEOJUM404,32,32,320
AEOJUM405,32,32,320
AEOJUM406,32,32,320
AEOJUM407,32,32,80
AEOJUM501,32,32,320
AEOJUM502,32,32,320
AEOJUM504,32,32,320
AEOJUM505,32,32,320
AEOJUM604,32,32,320
AEOJUM605,32,32,320
AEOJUM701,32,32,320
AEOJUM702,32,32,320
AEOJUM703,32,32,320
AEOJUM706,32,32,320
AEOJUM707,32,32,80
AEOJUM803,32,32,320
AEOJUM806,32,32,320
AEOJUM807,32,32,80
AEOJUM902,32,32,320
AEOJUM906,32,32,320
AEOJUM907,32,32,80
AETJUM101,32,32,320
AETJUM102,32,32,320
AETJUM103,32,32,320
AETJUM104,32,32,320
AETJUM105,32,32,320
AETJUM106,32,32,320
AETJUM107,32,32,320
AETJUM108,32,32,320
AETJUM109,32,32,320
AETJUM110,32,32,320
AETJUM111,32,32,320
AETJUM112,32,32,320
AETJUM113,32,32,320
AETJUM114,32,32,320
AETJUM115,32,32,320
AETJUM116,32,32,320
AETJUM117,32,32,320
AETJUM118,32,32,320
AETJUM119,32,32,320
AETJUM120,32,32,320
AETJUM121,32,32,320
AETJUM122,32,32,320
AETJUM123,32,32,320
AETJUM125,32,32,320
AETJUM224,32,32,320
AETJUM226,32,32,320
AETJUM228,32,32,320
AETJUM229,32,32,320
AETJUM230,32,32,320
AETJUM231,32,32,320
AETJUM332,32,32,80
AETJUM427,32,32,320
APTJUM105,32,32,320
APTJUM106,32,32,320
APTJUM107,32,32,320
APTJUM108,32,32,320
APTJUM109,32,32,320
APTJUM110,32,32,320
APTJUM112,32,32,320
APTJUM114,32,32,320
APTJUM115,32,32,320
APTJUM116,32,32,320
APTJUM117,32,32,320
APTJUM118,32,32,320
APTJUM120,32,32,320
APTJUM121,32,32,320
APTJUM122,32,32,320
APTJUM123,32,32,320
APTJUM124,32,32,320
APTJUM125,32,32,320
APTJUM126,32,32,320
APTJUM128,32,32,320
APTJUM129,32,32,320
APTJUM131,32,32,320
APTJUM132,32,32,320
APTJUM133,32,32,49
APTJUM208,32,32,320
APTJUM210,32,32,320
APTJUM212,32,32,320
APTJUM213,32,32,320
APTJUM214,32,32,320
APTJUM216,32,32,320
APTJUM217,32,32,320
APTJUM218,32,32,320
APTJUM219,32,32,320
APTJUM220,32,32,320
APTJUM221,32,32,320
APTJUM228,32,32,320
APTJUM229,32,32,320
APTJUM230,32,32,319
APTJUM231,32,32,320
APTJUM232,32,32,320
APTJUM233,32,32,49
APTJUM301,32,32,320
APTJUM302,32,32,320
APTJUM303,32,32,320
APTJUM304,32,32,320
APTJUM324,32,32,320
APTJUM325,32,32,320
APTJUM326,32,32,320
APTJUM327,32,32,320
APTJUM409,32,32,320
APTJUM415,32,32,320
APTJUM419,32,32,320
APTJUM422,32,32,320
APTJUM430,32,32,320
APTJUM501,32,32,320
APTJUM511,32,32,320
APTJUM513,32,32,320
APTJUM523,32,32,320
APTJUM527,32,32,320
APTJUM611,32,32,320
ATSJUM103,32,32,320
ATSJUM104,32,32,320
ATSJUM106,32,32,320
ATSJUM107,32,32,319
ATSJUM108,32,32,320
ATSJUM109,32,32,320
ATSJUM110,32,32,320
ATSJUM111,32,32,320
ATSJUM112,32,32,320
ATSJUM113,32,32,320
ATSJUM114,32,32,320
ATSJUM115,32,32,320
ATSJUM116,32,32,320
ATSJUM117,32,32,320
ATSJUM118,32,32,320
ATSJUM119,32,32,320
ATSJUM120,32,32,320
ATSJUM121,32,32,320
ATSJUM122,32,32,320
ATSJUM123,32,32,320
ATSJUM124,32,32,320
ATSJUM125,32,32,320
ATSJUM126,32,32,320
ATSJUM127,32,32,320
ATSJUM128,32,32,320
ATSJUM129,32,32,320
ATSJUM130,32,32,320
ATSJUM131,32,32,320
ATSJUM132,32,32,80
ATSJUM201,32,32,320
ATSJUM202,32,32,320
ATSJUM203,32,32,320
ATSJUM204,32,32,320
ATSJUM205,32,32,320
ATSJUM206,32,32,320
ATSJUM207,32,32,320
ATSJUM208,32,32,320
ATSJUM209,32,32,320
ATSJUM210,32,32,320
ATSJUM211,32,32,320
ATSJUM212,32,32,320
ATSJUM213,32,32,320
ATSJUM214,32,32,320
ATSJUM215,32,32,320
ATSJUM216,32,32,320
ATSJUM217,32,32,320
ATSJUM220,32,32,320
ATSJUM221,32,32,320
ATSJUM222,32,32,320
ATSJUM223,32,32,320
ATSJUM224,32,32,320
ATSJUM225,32,32,320
ATSJUM226,32,32,320
ATSJUM227,32,32,320
ATSJUM228,32,32,320
ATSJUM229,32,32,320
ATSJUM230,32,32,320
ATSJUM231,32,32,320
ATSJUM232,32,32,80
ATSJUM401,32,32,320
ATSJUM405,32,32,320
ATSJUM418,32,32,320
ATSJUM419,32,32,320
ATSJUM502,32,32,320
ATTJUM202,32,32,320
ATTJUM203,32,32,320
ATTJUM204,32,32,320
ATTJUM205,32,32,320
ATTJUM206,32,32,320
ATTJUM207,32,32,320
B040103a,32,32,320
B040103b,32,32,319
B040103c,32,32,320
B040103d,32,32,320
B040203a,32,32,320
B040203b,32,32,320
B040203c,32,32,320
B040203d,32,30,320
B040303a,32,32,320
B040303b,32,32,320
B040303c,32,32,320
B040303d,32,32,320
B040603a,32,32,320
B040603b,32,32,320
B040603c,32,32,319
B040603d,32,32,320
B040903a,32,32,320
B040903b,32,32,320
B040903c,32,32,320
B040903d,32,32,192
BR00117035,16,8,341
BR00117036,16,8,341
BR00117037,16,12,337
BR00117038,16,12,337
BR00117039,16,12,337
BR00117040,16,12,337
BR00117041,16,12,337
BR00121423,64,11,309
BR00121425,64,11,309
BR00121426,64,11,308
BR00121427,64,11,308
BR00121428,64,11,308
BR00121436,64,11,308
BR00121437,64,11,309
BR00121543,16,12,343
BR00121544,16,12,343
BR00121545,16,12,343
BR00121546,16,12,343
BR00121547,16,12,341
BR00121548,16,12,341
BR00121549,16,12,341
BR00121550,16,12,341
BR00121551,16,12,341
BR00121552,12,10,256
BR00121553,12,10,256
BR00121554,12,10,256
BR00121555,12,10,256
BR00121556,12,10,256
BR00121559,16,8,341
BR00121560,16,8,341
BR00121562,16,8,341
BR00123506,16,12,341
BR00123507,16,12,341
BR00123509,16,12,342
BR00123510,16,12,342
BR00123511,16,12,342
BR00123512,16,12,343
BR00123513,16,12,343
BR00123514,16,12,343
BR00123515,16,12,343
BR00123516,16,12,343
BR00123517,16,12,335
BR00123518,16,12,335
BR00123519,16,12,335
BR00123520,16,12,335
BR00123521,16,12,335
BR00123525,16,12,343
BR00123526,16,12,343
BR00123527,16,12,343
BR00123528B,16,12,343
BR00123529,16,12,343
BR00123530,16,12,343
BR00123532,16,12,341
BR00123533,16,12,340
BR00123534,16,12,343
BR00123535,16,12,343
BR00123536,16,12,343
BR00123537,16,12,343
BR00123614,16,12,342
BR00123615,16,12,341
BR00123616,16,12,342
BR00123617,16,12,342
BR00123618,16,12,342
BR00123619,16,12,329
BR00123620,16,12,329
BR00123621,16,12,343
BR00123622,16,12,343
BR00123623,16,12,341
BR00123624,16,12,329
BR00123625,16,12,329
BR00123626,16,12,329
BR00123627,16,12,343
BR00123628,16,12,343
BR00123629,16,12,343
BR00123788,16,12,342
BR00123789,16,12,342
BR00124781,20,12,339
BR00124782,20,12,339
BR00124787,16,12,344
BR00124788,16,12,344
BR00124790,16,12,339
BR00124791,16,12,339
BR00124794,16,16,336
BR00125619,16,12,343
BR00125620,16,12,344
BR00125621,16,12,344
BR00125622,16,12,337
BR00125623,16,12,337
BR00125624,16,12,337
BR00125625,16,12,337
BR00125626,16,12,337
BR00125627,16,12,343
BR00125628,16,12,343
BR00125629,16,12,343
BR00125630,16,12,343
BR00125631,16,12,343
BR00125633,16,12,343
BR00125634,16,12,343
BR00125635,16,12,343
BR00125636,16,12,343
BR00126043,16,12,339
BR00126044,16,12,339
BR00126045,16,12,339
BR00126046,16,16,338
BR00126047,16,16,338
BR00126048,16,16,338
BR00126049,16,16,338
BR00126050,16,16,338
BR00126051,16,12,344
BR00126052,16,12,344
BR00126053,16,12,344
BR00126055,16,12,344
BR00126056,16,12,341
BR00126057,16,12,341
BR00126058,16,12,341
BR00126059,16,12,341
BR00126060,16,12,341
BR00126062,20,12,339
BR00126385,16,16,334
BR00126386,16,16,337
BR00126387,16,16,337
BR00126388,16,16,337
BR00126389,16,16,337
BR00126390,16,16,338
BR00126391,16,16,338
BR00126392,16,16,338
BR00126393,16,16,338
BR00126394,16,16,338
BR00126395,16,12,343
BR00126396,16,12,343
BR00126397,16,12,343
BR00126398,16,12,343
BR00126399,16,12,343
BR00126400,16,16,336
BR00126401,16,16,336
BR00126402,16,16,336
BR00126403,16,16,336
BR00126404,20,12,339
BR00126520,16,16,338
BR00126521,16,16,339
BR00126534,16,16,339
BR00126535,16,16,339
BR00126536,16,16,339
BR00126537,16,16,339
BR00126538,16,12,342
BR00126539,16,12,342
BR00126540,16,12,342
BR00126541,16,12,342
BR00126542,16,12,342
BR00126543,20,12,339
BR00126545,16,12,340
BR00126546,16,12,340
BR00126547,16,12,340
BR00126548,16,12,340
BR00126549,16,12,340
BR00126550,16,16,338
BR00126551,16,16,338
BR00126552,16,16,338
BR00126553,16,16,338
BR00127149,64,11,309
C13443aW,32,32,320
C13443bW,32,32,320
C13443cW,32,32,320
C13443dW,32,32,320
C13451aW,32,32,320
C13451cW,32,32,320
C13459aW,32,32,320
C13459bW,32,32,320
C13459cW,32,32,320
C13459dW,32,32,320
C13487aW,32,32,320
C13487bW,32,32,320
C13487cW,32,32,320
C13487dW,32,32,320
C13495aW,32,32,320
C13495bW,32,32,320
C13495cW,32,32,320
CP-CC9-R1-01,29,35,317
CP-CC9-R1-02,29,35,318
CP-CC9-R1-03,29,35,318
CP-CC9-R1-04,28,36,318
CP-CC9-R1-05,28,35,319
CP-CC9-R1-06,28,36,320
CP-CC9-R1-07,30,36,318
CP-CC9-R1-08,28,36,320
CP-CC9-R1-09,28,36,320
CP-CC9-R1-10,28,36,320
CP-CC9-R1-11,28,36,320
CP-CC9-R1-12,182,36,166
CP-CC9-R1-13,28,36,320
CP-CC9-R1-14,28,37,319
CP-CC9-R1-15,28,36,320
CP-CC9-R1-16,29,36,319
CP-CC9-R1-17,28,36,320
CP-CC9-R1-18,28,36,320
CP-CC9-R1-19,29,36,319
CP-CC9-R1-20,30,36,318
CP-CC9-R1-21,29,36,319
CP-CC9-R1-22,28,36,320
CP-CC9-R1-23,28,36,320
CP-CC9-R1-24,28,36,320
CP-CC9-R1-25,28,36,320
CP-CC9-R1-26,29,36,319
CP-CC9-R1-27,192,36,156
CP-CC9-R1-28,384,0,0
CP-CC9-R1-29,64,11,309
CP-CC9-R2-01,28,36,320
CP-CC9-R2-02,29,36,319
CP-CC9-R2-03,29,36,319
CP-CC9-R2-04,30,36,318
CP-CC9-R2-05,28,36,320
CP-CC9-R2-06,28,36,320
CP-CC9-R2-07,28,36,320
CP-CC9-R2-08,28,36,320
CP-CC9-R2-09,29,36,319
CP-CC9-R2-10,29,36,319
CP-CC9-R2-11,31,36,317
CP-CC9-R2-12,182,36,166
CP-CC9-R2-13,29,36,319
CP-CC9-R2-14,28,37,319
CP-CC9-R2-15,29,36,319
CP-CC9-R2-16,29,36,319
CP-CC9-R2-17,32,36,316
CP-CC9-R2-18,29,36,319
CP-CC9-R2-19,28,36,320
CP-CC9-R2-20,29,36,319
CP-CC9-R2-21,31,36,317
CP-CC9-R2-22,28,36,320
CP-CC9-R2-23,33,36,315
CP-CC9-R2-24,30,36,318
CP-CC9-R2-25,29,36,319
CP-CC9-R2-26,29,36,319
CP-CC9-R2-27,193,36,155
CP-CC9-R2-28,384,0,0
CP-CC9-R2-29,60,11,292
CP-CC9-R3-01,28,36,320
CP-CC9-R3-02,29,36,319
CP-CC9-R3-03,29,36,319
CP-CC9-R3-04,28,36,320
CP-CC9-R3-05,28,36,320
CP-CC9-R3-06,28,36,320
CP-CC9-R3-07,28,36,320
CP-CC9-R3-08,28,36,320
CP-CC9-R3-09,28,36,320
CP-CC9-R3-10,30,36,318
CP-CC9-R3-11,29,36,319
CP-CC9-R3-12,182,36,166
CP-CC9-R3-13,28,36,320
CP-CC9-R3-14,30,37,317
CP-CC9-R3-15,30,36,318
CP-CC9-R3-16,29,36,319
CP-CC9-R3-17,30,36,318
CP-CC9-R3-18,29,36,319
CP-CC9-R3-19,28,36,320
CP-CC9-R3-20,28,36,320
CP-CC9-R3-21,29,36,319
CP-CC9-R3-22,28,36,320
CP-CC9-R3-23,28,36,320
CP-CC9-R3-24,29,36,319
CP-CC9-R3-25,29,36,319
CP-CC9-R3-26,28,36,320
CP-CC9-R3-27,192,36,156
CP-CC9-R3-28,384,0,0
CP-CC9-R3-29,64,11,309
CP-CC9-R4-03,31,36,317
CP-CC9-R4-04,30,36,318
CP-CC9-R4-05,38,36,310
CP-CC9-R4-06,28,36,320
CP-CC9-R4-07,29,36,319
CP-CC9-R4-08,39,36,309
CP-CC9-R4-09,28,36,320
CP-CC9-R4-10,28,36,320
CP-CC9-R4-11,29,36,319
CP-CC9-R4-12,186,36,162
CP-CC9-R4-13,28,36,320
CP-CC9-R4-14,29,37,318
CP-CC9-R4-15,28,36,320
CP-CC9-R4-16,29,36,319
CP-CC9-R4-17,31,36,317
CP-CC9-R4-18,30,36,318
CP-CC9-R4-19,28,36,320
CP-CC9-R4-20,30,36,318
CP-CC9-R4-21,30,36,318
CP-CC9-R4-22,29,36,319
CP-CC9-R4-23,29,36,319
CP-CC9-R4-24,30,36,318
CP-CC9-R4-25,29,36,319
CP-CC9-R4-26,28,36,320
CP-CC9-R4-27,193,36,155
CP-CC9-R4-28,384,0,0
CP-CC9-R5-01,28,36,320
CP-CC9-R5-02,30,36,318
CP-CC9-R5-03,29,36,319
CP-CC9-R5-04,28,36,320
CP-CC9-R5-05,29,36,319
CP-CC9-R5-06,29,36,319
CP-CC9-R5-07,29,36,319
CP-CC9-R5-08,29,36,319
CP-CC9-R5-09,28,36,320
CP-CC9-R5-10,29,36,319
CP-CC9-R5-11,29,36,319
CP-CC9-R5-12,182,36,166
CP-CC9-R5-13,29,36,319
CP-CC9-R5-14,33,37,314
CP-CC9-R5-15,29,36,319
CP-CC9-R5-16,29,36,319
CP-CC9-R5-17,30,36,318
CP-CC9-R5-18,31,36,317
CP-CC9-R5-19,28,36,320
CP-CC9-R5-20,28,36,320
CP-CC9-R5-21,30,36,318
CP-CC9-R5-22,30,36,318
CP-CC9-R5-23,29,36,319
CP-CC9-R5-24,29,36,319
CP-CC9-R5-25,28,36,320
CP-CC9-R5-26,30,36,318
CP-CC9-R5-27,193,36,155
CP-CC9-R5-28,384,0,0
CP-CC9-R5-29,64,11,309
CP-CC9-R6-01,28,36,320
CP-CC9-R6-02,270,36,78
CP-CC9-R6-19,28,36,320
CP-CC9-R6-28,384,0,0
CP-CC9-R6-29,79,11,294
CP-CC9-R7-01,28,36,320
CP-CC9-R7-02,28,36,320
CP-CC9-R7-19,28,36,320
CP-CC9-R7-28,384,0,0
CP-CC9-R7-29,79,11,294
CP-CC9-R8-01,28,36,320
CP-CC9-R8-02,28,36,320
CP1-SC1-01,32,32,318
CP1-SC1-04,32,34,317
CP1-SC1-05,33,33,318
CP1-SC1-06,33,32,319
CP1-SC1-07,32,32,320
CP1-SC1-08,38,32,311
CP1-SC1-09,36,32,315
CP1-SC1-10,34,32,318
CP1-SC1-11,34,32,318
CP1-SC1-12,32,33,319
CP1-SC1-13,32,32,320
CP1-SC1-14,33,32,319
CP1-SC1-15,34,32,318
CP1-SC1-16,39,32,313
CP1-SC1-17,77,32,275
CP1-SC1-18,38,32,314
CP1-SC1-19,164,33,187
CP1-SC1-20,32,32,318
CP1-SC1-21,32,32,320
CP1-SC1-22,32,32,320
CP1-SC1-23,61,32,291
CP1-SC1-24,384,0,0
CP1-SC1-25,64,11,309
CP1-SC2-25,64,11,309
CP2-SC1-01,32,32,318
CP2-SC1-02,32,32,319
CP2-SC1-03,34,32,318
CP2-SC1-04,32,34,317
CP2-SC1-05,33,33,318
CP2-SC1-06,33,32,319
CP2-SC1-07,32,32,320
CP2-SC1-08,38,32,314
CP2-SC1-09,36,32,316
CP2-SC1-10,34,32,318
CP2-SC1-11,34,32,318
CP2-SC1-12,32,33,319
CP2-SC1-13,32,32,320
CP2-SC1-14,33,32,319
CP2-SC1-15,34,32,318
CP2-SC1-16,39,32,313
CP2-SC1-17,77,32,275
CP2-SC1-18,38,32,314
CP2-SC1-19,164,33,187
CP2-SC1-20,32,32,318
CP2-SC1-21,32,32,320
CP2-SC1-22,32,32,320
CP2-SC1-23,61,32,291
CP2-SC1-24,384,0,0
CP2-SC1-25,64,11,309
CP3-SC1-02,32,32,319
CP3-SC1-03,34,32,318
CP3-SC1-04,32,34,317
CP3-SC1-05,33,33,318
CP3-SC1-06,33,32,319
CP3-SC1-07,32,32,320
CP3-SC1-08,38,32,314
CP3-SC1-09,36,32,316
CP3-SC1-10,34,32,318
CP3-SC1-11,34,32,318
CP3-SC1-12,32,33,319
CP3-SC1-13,32,32,320
CP3-SC1-14,33,32,319
CP3-SC1-15,34,32,318
CP3-SC1-16,39,32,313
CP3-SC1-17,77,32,275
CP3-SC1-18,38,32,314
CP3-SC1-19,164,33,187
CP3-SC1-20,32,32,318
CP3-SC1-21,32,32,320
CP3-SC1-22,32,32,320
CP3-SC1-23,61,32,291
CP3-SC1-24,384,0,0
CP3-SC1-25,64,11,309
CP3-SC2-24M,384,0,0
CP3-SC2-25M,64,11,309
CP4-SC1-05,33,33,318
CP4-SC1-06,33,32,319
CP4-SC1-07,32,32,320
CP4-SC1-08,38,32,314
CP4-SC1-09,36,32,316
CP4-SC1-10,34,32,318
CP4-SC1-11,34,32,318
CP4-SC1-12,32,33,319
CP4-SC1-13,32,32,320
CP4-SC1-14,33,32,319
CP4-SC1-15,34,32,318
CP4-SC1-16,39,32,313
CP4-SC1-17,77,32,275
CP4-SC1-19,164,33,187
CP4-SC1-20,32,32,318
CP4-SC1-21,32,32,320
CP4-SC1-22,32,32,320
CP4-SC1-23,61,32,291
CP4-SC1-24,384,0,0
CP4-SC1-25,64,11,309
CP5-SC1-01,32,32,318
CP5-SC1-03,34,32,318
CP5-SC1-04,32,34,317
CP5-SC1-05,33,33,318
CP5-SC1-06,33,32,319
CP5-SC1-07,32,32,320
CP5-SC1-08,38,32,314
CP5-SC1-09,36,32,316
CP5-SC1-10,34,32,318
CP5-SC1-11,34,32,318
CP5-SC1-12,32,33,319
CP5-SC1-13,32,32,320
CP5-SC1-14,33,32,319
CP5-SC1-15,34,32,318
CP5-SC1-16,39,32,313
CP5-SC1-17,77,32,275
CP5-SC1-18,38,32,314
CP5-SC1-19,164,33,187
CP5-SC1-20,32,32,318
CP5-SC1-21,32,32,320
CP5-SC1-22,32,32,320
CP5-SC1-23,61,32,291
CP5-SC1-24,384,0,0
CP5-SC1-25,64,11,309
CP6-SC1-01,32,32,318
CP6-SC1-02,32,32,319
CP6-SC1-03,34,32,318
CP6-SC1-04,32,34,317
CP6-SC1-18,38,32,314
CP7-SC1-01,32,32,318
CP7-SC1-02,32,32,316
CP7-SC1-03,34,32,318
CP8-SC1-02,32,32,316
DMSO71-102_1,384,0,0
DMSO71-102_2,384,0,0
Dest210531-152149,32,32,177
Dest210531-152324,32,32,174
Dest210531-152459,32,32,177
Dest210531-152634,32,32,171
Dest210531-152810,32,32,310
Dest210531-152945,32,32,303
Dest210531-153120,32,32,313
Dest210531-153804,32,32,315
Dest210601-153606,32,32,80
Dest210601-153742,32,32,80
Dest210601-153918,32,32,80
Dest210601-154127,32,32,78
Dest210601-154302,32,32,80
Dest210601-154437,32,32,80
Dest210601-154612,32,32,80
Dest210601-154924,32,32,78
Dest210601-155059,32,32,79
Dest210601-155234,32,32,80
Dest210601-155410,32,32,80
Dest210601-155546,32,32,78
Dest210601-155722,32,32,79
Dest210601-155859,32,29,80
Dest210607-134443,32,32,318
Dest210607-134618,32,32,317
Dest210607-134930,32,32,319
Dest210607-135106,32,32,320
Dest210607-135241,32,32,317
Dest210607-135426,32,32,320
Dest210607-135749,32,32,238
Dest210607-140103,32,32,238
Dest210607-140241,32,32,314
Dest210607-140420,32,32,315
Dest210607-140601,32,32,311
Dest210608-150932,32,32,240
Dest210608-151108,32,32,236
Dest210608-151243,32,32,235
Dest210608-151418,32,32,236
Dest210608-151554,32,32,319
Dest210608-151729,32,32,319
Dest210608-152434,32,28,319
Dest210608-152610,32,29,316
Dest210608-152745,32,28,319
Dest210608-152921,32,28,315
Dest210608-153057,32,27,318
Dest210608-153234,32,28,311
Dest210608-153411,32,28,317
Dest210614-162933,32,32,318
Dest210614-163109,32,32,316
Dest210614-163244,32,32,320
Dest210614-163446,32,32,316
Dest210614-163621,32,32,318
Dest210614-163756,32,32,316
Dest210614-163932,32,32,319
Dest210614-164243,32,31,318
Dest210614-164418,32,29,316
Dest210614-164553,32,28,315
Dest210614-164730,32,28,318
Dest210614-164906,32,29,319
Dest210614-165045,32,28,318
Dest210614-165222,32,28,319
Dest210615-151201,32,30,318
Dest210615-151336,32,29,317
Dest210615-151512,32,29,317
Dest210615-152648,32,29,80
Dest210615-153001,32,28,320
Dest210615-153137,32,28,318
Dest210621-132542,32,32,318
Dest210621-132717,32,32,320
Dest210621-132852,32,32,320
Dest210621-133027,32,32,320
Dest210621-133202,32,32,320
Dest210621-133338,32,32,320
Dest210621-133513,32,32,320
Dest210621-134201,32,32,320
Dest210621-134337,32,32,320
Dest210621-134650,32,32,320
Dest210621-134826,32,32,320
Dest210621-135001,32,32,320
Dest210622-142830,32,28,320
Dest210622-143006,32,28,320
Dest210622-143317,32,28,320
Dest210622-143628,32,28,319
Dest210622-144809,32,28,319
Dest210622-144945,32,28,319
Dest210622-145122,32,28,320
Dest210622-145259,32,28,320
Dest210628-162003,0,0,0
Dest210705-142134,32,32,320
Dest210705-142446,32,32,320
Dest210705-142621,32,32,317
Dest210705-142818,32,32,320
Dest210705-142958,32,32,320
Dest210705-143133,32,32,320
Dest210705-143620,32,28,320
Dest210705-143821,32,28,320
Dest210705-143959,32,29,320
Dest210705-144135,32,28,320
Dest210705-144312,32,28,320
Dest210705-144447,32,28,320
Dest210705-144624,32,28,319
Dest210707-094057,32,28,288
Dest210707-094231,32,28,169
Dest210707-094542,32,28,320
Dest210726-160150,64,11,309
Dest210726-160328,32,28,320
Dest210726-160506,32,28,320
Dest210726-160643,32,28,320
Dest210726-160820,32,28,320
Dest210726-160957,32,28,319
Dest210726-161133,32,28,320
Dest210726-161447,32,28,319
Dest210726-161624,32,28,320
Dest210726-161801,32,28,320
Dest210726-162012,32,28,319
Dest210726-162150,32,28,319
Dest210726-162329,32,28,320
Dest210726-162828,32,28,320
Dest210726-163005,32,28,320
Dest210726-163143,32,28,320
Dest210726-163321,32,28,320
Dest210726-163500,32,28,320
Dest210727-153003,64,11,309
Dest210727-153138,32,32,320
Dest210727-153313,32,32,320
Dest210727-153448,32,32,320
Dest210727-153623,32,32,320
Dest210727-153944,32,32,320
Dest210727-154118,32,32,320
Dest210727-154253,32,32,320
Dest210727-154427,32,32,320
Dest210727-154746,32,32,320
Dest210727-155549,32,32,160
Dest210727-155725,32,32,309
Dest210727-155901,32,32,316
Dest210727-160037,32,32,310
Dest210803-153958,64,11,309
Dest210803-154133,32,28,320
Dest210803-154309,32,28,320
Dest210803-154444,32,28,320
Dest210803-154619,32,28,320
Dest210803-154754,32,28,320
Dest210803-154929,32,28,320
Dest210803-155239,32,28,320
Dest210803-155415,32,28,319
Dest210803-155551,32,28,320
Dest210803-155726,32,28,320
Dest210803-160041,32,28,320
Dest210803-160217,32,28,320
Dest210803-160527,32,28,320
Dest210803-160702,32,28,316
Dest210803-160838,32,28,314
Dest210803-161150,32,28,320
Dest210809-134534,64,11,308
Dest210809-134710,32,28,314
Dest210809-134845,32,28,313
Dest210809-135020,32,28,314
Dest210809-135156,32,28,317
Dest210809-135330,32,28,319
Dest210809-135505,32,28,317
Dest210809-135646,32,28,314
Dest210809-135821,32,28,319
Dest210809-135957,32,28,320
Dest210809-140131,32,28,320
Dest210809-140308,32,28,288
Dest210809-140929,32,28,319
Dest210809-141104,32,28,313
Dest210809-141456,32,28,319
Dest210809-141632,32,28,320
Dest210809-141809,32,28,319
Dest210810-173723,64,11,308
Dest210810-173859,32,28,304
Dest210810-174829,32,28,320
Dest210810-175009,32,28,320
Dest210810-175151,32,28,320
Dest210810-175644,32,28,320
Dest210810-175828,32,28,320
Dest210810-180004,32,28,320
Dest210810-180316,32,28,318
Dest210823-172450,64,11,309
Dest210823-172626,32,32,320
Dest210823-172805,32,32,320
Dest210823-172940,32,32,320
Dest210823-173115,32,32,320
Dest210823-173306,32,32,200
Dest210823-173441,32,32,80
Dest210823-173617,32,32,197
Dest210823-173752,32,32,191
Dest210823-173928,32,32,160
Dest210823-174104,32,32,184
Dest210823-174240,0,0,0
Dest210823-174422,0,0,0
Dest210823-174556,32,32,239
Dest210823-174733,32,32,243
Dest210823-174909,32,32,320
Dest210823-175044,32,32,320
Dest210823-175219,32,28,238
Dest210823-175355,32,24,237
Dest210823-175531,32,28,319
Dest210823-180039,32,32,320
Dest210823-180215,32,32,320
Dest210823-180351,32,32,314
Dest210823-180533,32,32,310
Dest210823-180708,32,29,320
Dest210823-180842,32,28,320
Dest210823-181018,32,28,320
Dest210823-181152,32,29,318
Dest210823-181327,32,28,320
Dest210823-181501,32,28,319
Dest210823-181636,32,29,320
Dest210823-181810,32,28,320
Dest210823-181945,32,28,319
Dest210823-182120,32,28,317
Dest210823-182255,32,29,309
Dest210823-182450,32,28,309
EC000001,32,32,320
EC000002,32,32,320
EC000003,32,32,320
EC000004,32,32,319
EC000005,32,32,320
EC000006,32,32,320
EC000007,32,32,320
EC000008,32,32,320
EC000009,32,32,320
EC000010,32,32,320
EC000011,32,32,320
EC000012,32,32,320
EC000013,32,32,320
EC000014,32,32,320
EC000015,32,32,320
EC000016,32,32,320
EC000017,32,32,320
EC000018,32,32,320
EC000019,32,32,320
EC000020,32,32,320
EC000021,32,31,320
EC000022,32,30,320
EC000023,32,32,320
EC000024,32,32,320
EC000025,32,32,320
EC000026,32,32,320
EC000027,32,32,320
EC000028,32,32,320
EC000029,32,32,320
EC000030,32,32,320
EC000031,32,32,320
EC000032,32,31,320
EC000037,32,32,320
EC000038,21,21,208
EC000039,32,32,320
EC000040,32,32,320
EC000041,32,32,320
EC000042,32,32,320
EC000043,32,32,320
EC000044,32,32,320
EC000045,15,15,159
EC000046,32,32,320
EC000047,32,32,320
EC000048,11,11,104
EC000049,32,32,320
EC000050,32,32,320
EC000051,32,31,319
EC000052,32,32,320
EC000053,32,32,49
EC000054,32,32,320
EC000055,32,32,320
EC000056,32,32,320
EC000057,32,32,320
EC000058,32,32,320
EC000059,32,32,320
EC000060,32,32,320
EC000061,32,32,320
EC000062,32,32,320
EC000063,32,32,320
EC000064,32,32,320
EC000065,32,32,320
EC000066,32,32,320
EC000067,32,32,320
EC000068,32,30,320
EC000069,32,32,320
EC000070,32,32,49
EC000071,32,32,318
EC000072,32,32,320
EC000073,32,32,320
EC000074,32,32,320
EC000075,32,32,320
EC000076,32,32,320
EC000077,32,32,320
EC000078,32,32,320
EC000079,32,32,320
EC000080,32,32,320
EC000081,32,32,320
EC000082,32,32,320
EC000083,32,32,320
EC000084,32,31,320
EC000085,32,32,320
EC000086,32,32,320
EC000087,32,32,320
EC000088,32,32,320
EC000089,32,32,316
EC000090,32,32,320
EC000091,32,32,320
EC000092,32,32,320
EC000093,32,32,316
EC000094,31,28,301
EC000095,32,32,308
EC000096,32,31,320
EC000097,32,32,320
EC000098,32,31,320
EC000099,32,32,320
EC000100,32,32,320
EC000101,32,32,320
EC000102,32,32,80
EC000103,32,32,320
EC000104,32,32,320
EC000105,32,32,320
EC000106,32,32,320
EC000107,32,32,320
EC000108,32,32,320
EC000109,32,32,320
EC000110,32,32,320
EC000111,32,32,319
EC000112,32,32,320
EC000113,32,32,320
EC000114,32,32,320
EC000115,32,26,320
EC000116,32,32,320
EC000117,32,32,320
EC000118,32,31,320
EC000119,32,32,320
EC000120,32,32,320
EC000121,32,29,320
EC000122,32,32,320
EC000123,32,32,320
EC000124,32,32,320
EC000125,32,32,320
EC000126,32,31,320
EC000127,32,32,320
EC000128,32,32,320
EC000129,32,32,320
EC000130,32,31,320
EC000131,32,32,320
EC000132,32,32,320
EC000133,32,32,320
EC000134,32,32,320
EC000135,32,32,320
EC000136,32,32,320
EC000137,21,21,208
EC000138,32,32,320
EC000139,32,32,320
EC000140,32,32,320
EC000141,32,32,319
EC000142,32,32,320
EC000143,32,32,320
EC000144,32,32,320
EC000145,32,32,320
EC000146,32,32,320
EC000147,32,32,320
EC000148,32,32,320
EC000149,32,32,320
EC000150,32,32,320
EC000151,32,32,320
EC000152,32,32,320
EC000153,32,32,320
EC000154,32,32,320
EC000155,32,32,320
EC000156,32,32,320
EC000157real,0,0,0
EC000158,32,32,320
EC000159,32,32,320
EC000160,32,32,320
EC000161,32,32,320
EC000162,32,32,320
EC000163,32,32,320
EC000164,32,32,318
EC000165,32,32,320
EC000166,32,32,320
EC000167,32,32,320
EC000168,32,32,320
EC000169,32,32,320
EC000170,32,32,320
EC000171,32,32,240
EC103-132DMSO1,384,0,0
EC103-132DMSO2,384,0,0
EC103-132LM2,64,11,309
EC133-171DMSO1,384,0,0
EC133-171DMSO2,384,0,0
EC133-171LM1,64,11,309
EC133-171LM2,64,11,309
GR00003279,128,112,1295
GR00003280,128,112,1295
GR00003281,128,112,1295
GR00003282,128,112,1295
GR00003283,256,44,1236
GR00003284,128,112,1295
GR00003285,128,112,1295
GR00003286,128,112,1295
GR00003287,128,112,1295
GR00003288,128,112,1025
GR00003289,128,112,1025
GR00003290,128,112,1025
GR00003296,128,112,1296
GR00003297,128,112,1296
GR00003298,128,112,1296
GR00003299,128,112,1296
GR00003300,256,44,1236
GR00003301,128,112,1294
GR00003302,128,112,1294
GR00003303,128,112,1294
GR00003306,128,112,1296
GR00003307,128,112,1296
GR00003308,128,112,1296
GR00003309,128,112,1296
GR00003310,256,44,1236
GR00003311,128,112,1296
GR00003313,128,112,1296
GR00003314,128,112,1296
GR00003315,128,112,1296
GR00003316,128,112,1296
GR00003317,128,112,1296
GR00003318,128,112,1296
GR00003330,128,112,1296
GR00003331,128,112,1296
GR00003332,128,112,1296
GR00003333,128,112,1296
GR00003334,256,44,1236
GR00003335,128,112,1296
GR00003336,128,112,1296
GR00003337,128,112,1296
GR00003338,128,112,1296
GR00003339,128,112,1296
GR00003340,256,44,1236
GR00003341,128,112,1056
GR00003342,128,112,1056
GR00003343,128,112,1056
GR00003344,128,112,1056
GR00003381,128,112,1296
GR00003382,128,112,1296
GR00003383,128,112,1296
GR00003384,128,112,1296
GR00003386,128,112,1296
GR00003387,128,112,1296
GR00003390,128,112,1295
GR00003391,128,112,1295
GR00003392,128,112,1295
GR00003393,128,112,1295
GR00003394,256,44,1236
GR00003395,128,112,1296
GR00003396,128,112,1296
GR00003412,128,112,1296
GR00003413,128,112,1296
GR00004367,128,112,1290
GR00004368,128,112,1290
GR00004369,128,112,1290
GR00004370,128,112,1290
GR00004371,256,44,1236
GR00004372,128,112,1290
GR00004373,128,112,1290
GR00004374,128,112,1290
GR00004375,128,112,1290
GR00004377,128,112,1284
GR00004378,128,112,1284
GR00004379,128,112,1284
GR00004380,128,112,1284
GR00004382,128,112,1056
GR00004383,128,112,1056
GR00004384,128,112,1056
GR00004385,128,112,1056
GR00004389,128,112,1025
GR00004391,128,112,1296
GR00004392,128,112,1296
GR00004393,128,112,1296
GR00004394,128,112,1296
GR00004395,256,44,1236
GR00004396,128,112,1295
GR00004397,128,112,1295
GR00004398,128,112,1295
GR00004399,128,112,1295
GR00004400,128,112,1296
GR00004401,128,112,1296
GR00004405,128,112,976
GR00004406,128,112,976
GR00004407,128,112,976
GR00004408,128,112,976
GR00004409,256,44,1236
GR00004410,128,112,1295
GR00004411,128,112,1295
GR00004412,128,112,1295
GR00004413,128,112,1295
GR00004414,128,112,1295
GR00004415,128,112,1295
GR00004416,128,112,1295
GR00004417,128,112,1295
GR00004418,128,112,975
GR00004419,128,112,975
GR00004420,128,112,975
GR00004421,128,112,975
J12284a,32,32,320
J12284b,32,32,320
J12284c,32,32,320
J12284d,32,32,320
J12424a,32,32,320
J12424b,32,32,320
J12424c,32,32,320
J12424d,32,32,320
J12428a,32,32,320
J12428b,32,32,320
J12428c,32,32,320
J12428d,32,32,318
J12432a,32,32,320
J12432b,32,32,320
J12432c,32,32,320
J12432d,32,32,320
J12436A,32,32,320
J12436b,32,32,320
J12436c,32,32,317
J12436d,32,32,320
J12440a,32,32,320
J12440b,32,32,320
J12440c,32,32,319
J12446a,32,32,320
J12446b,32,32,320
J12446c,32,32,320
J12446d,32,32,320
J12450a,32,32,319
J12450b,32,32,320
J12450c,32,32,320
J12450d,32,32,320
J12455a,32,32,320
J12455b,32,32,320
J12455c,32,32,185
J12455d,32,32,96
J12459a,32,32,320
J12459b,32,32,320
J12459c,32,32,320
J12459d,32,32,320
JCPQC016,64,11,309
JCPQC017,64,11,309
JCPQC018,64,11,309
JCPQC019,64,11,309
JCPQC020,64,11,309
JCPQC021,64,11,309
JCPQC022,64,11,309
JCPQC023,64,11,309
JCPQC024,64,11,309
JCPQC025,64,11,309
JCPQC028,64,11,309
JCPQC029,64,11,309
JCPQC030,64,11,309
JCPQC031,64,11,309
JCPQC032,64,11,309
JCPQC033,64,11,309
JCPQC034,64,11,309
JCPQC035,64,11,309
JCPQC036,64,11,308
JCPQC037,64,11,309
JCPQC038,64,11,309
JCPQC051,64,11,309
JCPQC052,64,11,309
JCPQC053,64,11,309
JCPQC054,64,11,309
LM37-70_1,64,11,308
LM37-70_2,64,11,309
LM71-102_1,64,11,308
LM71-102_2,64,11,307
SP01P04a,32,32,313
SP01P04b,32,29,318
SP01P04c,32,32,312
SP01P04d,32,32,316
SP05P08a,32,32,306
SP05P08b,32,32,310
SP05P08c,32,32,313
SP05P08d,32,32,315
SP09P12a,32,32,316
SP09P12b,32,32,309
SP09P12c,32,32,316
SP09P12d,32,32,303
SP13P16a,32,32,311
SP13P16b,32,32,312
SP13P16c,32,32,314
SP13P16d,32,32,309
SP16P19a,32,32,318
SP16P19b,32,32,315
SP16P19d,32,32,319
SP20P23a,32,32,315
SP20P23b,32,32,316
SP20P23c,32,32,316
SP20P23d,32,32,319
SP24P27a,32,32,315
SP24P27b,32,32,317
SP28P31a,32,32,318
SP28P31b,32,32,320
SP28P31c,32,32,320
SP28P31d,32,32,319
SP32P35a,32,32,306
SP32P35b,32,32,304
SP32P35c,32,32,306
SP32P35d,32,32,67
SP36P38a,32,32,316
SP36P38b,32,32,314
SP36P38c,32,32,318
UL000081,129,64,1279
UL000083,117,59,1243
UL000087,128,64,1280
UL000089,713,64,695
UL000091,129,64,1279
UL000093,130,64,1277
UL000095,128,64,1280
UL000097,128,64,1280
UL000577,149,64,1259
UL000579,162,64,1246
UL000581,164,64,1244
UL000583,425,64,983
UL000585,128,64,1280
UL000587,487,64,921
UL000593,128,64,1280
UL000595,131,64,1277
UL000597,132,60,1117
UL000599,460,64,948
UL001641,128,64,1280
UL001643,128,64,1280
UL001645,128,64,1280
UL001647,128,64,1280
UL001649,128,64,1279
UL001651,128,64,1280
UL001653,128,64,1280
UL001655,128,64,1280
UL001665,128,64,1280
UL001667,130,64,1278
UL001669,128,64,1280
UL001671,128,64,1280
UL001673,128,64,1280
UL001675,128,64,1280
UL001677,128,64,1280
UL001679,928,64,480
UL001713,164,64,1244
UL001717,162,64,1245
UL001719,143,64,1265
UL001765,129,64,1279
UL001769,130,64,1277
UL001771,128,64,1279
UL001773,142,64,1266
UL001781,256,64,1152
UL001783,128,64,1280
UL001785,123,64,1280
UL001787,126,64,1280
UL001789,128,64,1280
UL001791,128,64,1280
UL001793,128,64,1280
UL001795,127,64,1280
UL001797,129,64,1279
UL001799,128,64,1280
