,Metadata_Plate,negcon,poscon,trt
0,1053597806,32,32,318
1,1053597837,32,32,320
2,1053597844,32,32,320
3,1053597851,32,32,320
4,1053597875,32,32,320
5,1053597882,32,32,320
6,1053597929,32,32,320
7,1053597936,65,11,308
8,1053597943,32,32,320
9,1053597950,32,32,317
10,1053597967,32,32,320
11,1053597974,32,32,320
12,1053597981,32,32,320
13,1053597998,32,32,319
14,1053598001,32,32,320
15,1053599503,64,11,303
16,1053599534,32,32,80
17,1053599541,32,32,160
18,1053599558,32,32,80
19,1053599565,32,32,160
20,1053599572,32,32,320
21,1053599589,32,32,320
22,1053599596,32,32,320
23,1053599602,32,32,319
24,1053599619,32,32,320
25,1053599626,32,32,320
26,1053599633,32,32,320
27,1053599640,32,32,320
28,1053599657,32,32,319
29,1053599664,32,32,320
30,1053599671,32,32,320
31,1053599688,32,32,320
32,1053599695,32,32,320
33,1053600674,65,11,307
34,1053600681,384,0,0
35,1053600704,32,32,318
36,1053600711,32,32,319
37,1053600728,32,32,316
38,1053600735,32,32,318
39,1053600742,32,32,316
40,1053600759,32,32,320
41,1053600766,32,32,316
42,1053600773,32,32,318
43,1053600780,32,32,317
44,1053600797,32,32,310
45,1053600803,32,32,317
46,1053600810,32,32,314
47,1053600827,32,32,319
48,1053600834,32,32,315
49,1053600841,32,32,319
50,1053600858,32,32,316
51,1053600865,32,32,319
52,1053600872,32,32,313
53,1053600889,32,32,319
54,1053600896,32,32,319
55,1053601756,32,32,160
56,1053601763,32,32,198
57,1053601770,32,32,159
58,1053601787,32,32,200
59,1053601794,32,32,317
60,1053601800,32,32,319
61,1053601817,32,32,317
62,1053601824,32,32,318
63,1053601831,32,32,317
64,1053601848,32,32,318
65,1053601855,32,32,319
66,1053601862,32,32,318
67,1053601879,32,32,239
68,1053601909,32,32,319
69,1053601923,32,32,315
70,1053601947,32,32,318
71,1086289648,32,32,320
72,1086289655,384,0,0
73,1086289662,32,32,320
74,1086289679,32,32,320
75,1086289686,65,11,308
76,1086289693,32,32,320
77,1086289709,32,32,320
78,1086289716,32,32,320
79,1086289730,32,32,320
80,1086289747,32,32,320
81,1086289754,32,32,320
82,1086289761,32,32,310
83,1086289778,32,32,317
84,1086289785,32,32,313
85,1086289792,32,33,211
86,1086290323,32,32,296
87,1086290330,32,32,320
88,1086290347,32,32,317
89,1086290354,32,32,318
90,1086290361,32,32,314
91,1086290453,384,0,0
92,1086290477,384,0,0
93,1086290484,32,32,238
94,1086290521,32,32,318
95,1086290644,32,32,318
96,1086290668,32,32,318
97,1086291917,32,32,219
98,1086291924,32,32,239
99,1086291931,32,32,227
100,1086291948,32,33,248
101,1086291955,32,32,228
102,1086291962,32,32,230
103,1086291979,32,32,228
104,1086291986,32,32,245
105,1086292006,32,32,213
106,1086292013,32,32,220
107,1086292020,32,32,221
108,1086292037,65,11,307
109,1086292044,32,32,196
110,1086292051,32,32,205
111,1086292068,32,33,219
112,1086292075,32,33,199
113,1086292082,32,32,230
114,1086292099,32,32,226
115,1086292105,31,33,237
116,1086292112,32,32,248
117,1086292129,32,32,218
118,1086292136,32,32,217
119,1086292143,31,31,220
120,1086292150,32,32,232
121,1086292167,384,0,0
122,1086292259,384,0,0
123,1086292266,32,32,297
124,1086292273,32,32,295
125,1086292280,32,32,290
126,1086292297,32,32,286
127,1086292303,32,32,299
128,1086292310,32,32,297
129,1086292327,32,32,305
130,1086292341,32,32,299
131,1086292358,32,32,295
132,1086292365,32,32,303
133,1086292372,32,32,290
134,1086292389,65,11,307
135,1086292396,32,32,303
136,1086292402,32,32,303
137,1086292419,32,32,302
138,1086292426,32,32,305
139,1086292433,32,32,231
140,1086292440,32,32,228
141,1086292457,32,33,238
142,1086292464,32,32,248
143,1086292471,32,32,218
144,1086292488,32,32,219
145,1086292495,32,32,218
146,1086292501,32,32,233
147,1086292518,384,0,0
148,1086292723,32,32,317
149,1086292730,384,0,0
150,1086292747,32,32,320
151,1086292754,32,32,320
152,1086292761,32,32,319
153,1086292778,32,32,320
154,1086292792,32,32,320
155,1086292822,32,32,320
156,1086292839,32,32,320
157,1086292846,32,32,320
158,1086292853,32,32,320
159,1086292860,32,32,320
160,1086292884,65,11,307
161,1086292891,32,32,320
162,1086292907,32,32,320
163,1086292914,32,32,320
164,1086292921,32,32,320
165,1086292938,32,32,320
166,1086292945,32,32,320
167,1086292952,32,32,320
168,1086292969,32,32,320
169,1086292976,32,32,319
170,1086293027,383,0,0
171,1086293034,32,32,312
172,1086293065,32,32,316
173,1086293072,32,32,316
174,1086293089,32,32,314
175,1086293096,32,32,315
176,1086293102,32,32,320
177,1086293119,32,32,315
178,1086293126,32,32,312
179,1086293133,65,11,307
180,1086293157,32,32,309
181,1086293164,32,32,308
182,1086293171,32,32,314
183,1086293188,32,32,312
184,1086293195,32,32,309
185,1086293201,32,32,309
186,1086293218,32,32,310
187,1086293225,32,32,316
188,1086293232,32,32,308
189,1086293386,384,0,0
190,1086293393,32,32,237
191,1086293409,32,32,235
192,1086293416,32,32,239
193,1086293423,32,32,236
194,1086293430,32,32,241
195,1086293447,32,32,252
196,1086293454,32,32,238
197,1086293461,32,32,251
198,1086293478,32,32,320
199,1086293485,32,32,317
200,1086293492,65,11,308
201,1086293508,32,32,319
202,1086293515,32,32,319
203,1086293522,32,32,320
204,1086293539,32,32,318
205,1086293546,32,32,316
206,1086293553,32,32,314
207,1086293560,32,32,317
208,1086293812,32,32,320
209,1086293829,32,32,320
210,1086293836,32,32,320
211,1086293843,32,32,320
212,1086293850,32,32,320
213,1086293867,32,32,320
214,1086293874,32,32,320
215,1086293881,32,32,320
216,1086293898,32,32,319
217,1086293904,32,32,320
218,1086293911,65,11,307
219,1086293935,32,32,320
220,1086293942,32,32,169
221,1086293959,32,32,288
222,1086293966,32,32,176
223,1086293973,32,32,288
224,1086293980,32,32,320
225,1086293997,32,32,319
226,1086294000,32,32,320
227,1086294017,32,32,320
228,1086294024,384,0,0
229,110000293081,64,11,309
230,110000293082,32,32,320
231,110000293083,32,32,320
232,110000293084,32,32,320
233,110000293085,32,32,320
234,110000293086,32,32,320
235,110000293087,32,32,320
236,110000293088,32,32,320
237,110000293089,32,32,320
238,110000293091,384,0,0
239,110000293093,64,11,309
240,110000293094,32,32,320
241,110000293095,32,32,320
242,110000293096,32,32,320
243,110000293097,32,32,320
244,110000293098,32,32,319
245,110000293236,32,32,320
246,110000293237,32,32,320
247,110000293238,32,32,320
248,110000294881,64,11,309
249,110000294882,32,32,320
250,110000294883,32,32,320
251,110000294884,32,32,319
252,110000294885,32,32,320
253,110000294886,32,32,320
254,110000294887,32,32,320
255,110000294888,32,32,320
256,110000294889,32,32,320
257,110000294890,32,32,320
258,110000294891,32,32,320
259,110000294892,32,32,319
260,110000294893,32,32,314
261,110000294899,384,0,0
262,110000294901,64,11,309
263,110000294902,32,32,320
264,110000294903,32,32,320
265,110000294904,32,32,320
266,110000294905,32,32,318
267,110000294906,32,32,320
268,110000294907,32,32,320
269,110000294908,32,32,320
270,110000294909,32,32,320
271,110000294936,65,11,308
272,110000294938,384,0,0
273,110000295491,32,32,316
274,110000295492,32,32,319
275,110000295493,32,32,317
276,110000295494,32,32,317
277,110000295495,32,32,316
278,110000295496,32,32,317
279,110000295497,32,32,320
280,110000295498,32,32,320
281,110000295503,32,32,296
282,110000295504,32,32,302
283,110000295505,32,32,297
284,110000295506,32,32,302
285,110000295507,32,32,298
286,110000295508,32,32,293
287,110000295509,32,32,281
288,110000295510,32,32,296
289,110000295511,68,11,305
290,110000295514,65,11,308
291,110000295516,384,0,0
292,110000295539,384,0,0
293,110000295541,66,11,307
294,110000295542,32,32,320
295,110000295543,32,32,319
296,110000295544,32,32,319
297,110000295545,32,32,315
298,110000295559,384,0,0
299,110000295561,65,11,308
300,110000295562,32,32,320
301,110000295563,32,32,320
302,110000295564,32,32,320
303,110000295565,32,32,320
304,110000295566,32,32,320
305,110000295567,32,32,319
306,110000295568,32,32,320
307,110000295569,32,32,320
308,110000295570,32,32,320
309,110000295571,32,32,320
310,110000295572,32,32,320
311,110000295573,32,32,320
312,110000295575,32,32,264
313,110000295576,32,32,259
314,110000295577,32,32,206
315,110000295578,32,32,207
316,110000295599,384,0,0
317,110000295601,67,11,306
318,110000295602,32,32,227
319,110000295603,32,32,227
320,110000295604,32,32,217
321,110000295605,32,32,206
322,110000295606,32,32,229
323,110000295607,32,32,229
324,110000295608,32,32,220
325,110000295609,32,32,210
326,110000295610,32,32,246
327,110000295611,32,32,239
328,110000295612,32,33,253
329,110000295613,32,32,208
330,110000295615,32,32,242
331,110000295616,32,32,239
332,110000295617,32,33,253
333,110000295618,32,32,208
334,110000295619,32,32,213
335,110000295620,32,32,253
336,110000295621,32,32,253
337,110000295622,32,33,216
338,110000295624,32,32,304
339,110000295625,32,32,310
340,110000295626,32,32,296
341,110000295627,67,11,306
342,110000295629,384,0,0
343,110000296159,384,0,0
344,110000296161,65,11,308
345,110000296162,32,32,320
346,110000296163,32,32,320
347,110000296164,32,32,317
348,110000296165,32,32,320
349,110000296166,32,32,320
350,110000296167,32,32,320
351,110000296168,32,32,185
352,110000296169,32,32,96
353,110000296170,32,32,316
354,110000296171,32,32,318
355,110000296172,32,32,319
356,110000296173,32,32,318
357,110000296175,32,32,315
358,110000296176,32,32,318
359,110000296177,32,32,319
360,110000296178,32,32,318
361,110000296288,32,33,222
362,110000296289,32,32,248
363,110000296294,32,34,219
364,110000296295,32,32,183
365,110000296296,65,11,308
366,110000296298,384,0,0
367,110000296299,32,32,319
368,110000296300,32,32,320
369,110000296301,32,32,318
370,110000296302,32,32,319
371,110000296303,32,32,320
372,110000296304,32,32,320
373,110000296305,32,32,320
374,110000296306,32,32,318
375,110000296307,32,32,320
376,110000296308,32,32,319
377,110000296309,32,32,55
378,110000296310,32,32,0
379,110000296311,65,11,308
380,110000296319,384,0,0
381,110000296322,32,32,192
382,110000296323,32,32,320
383,110000296324,32,32,320
384,110000296325,32,32,192
385,110000296326,32,32,320
386,110000296327,32,32,320
387,110000296328,32,32,320
388,110000296329,32,32,320
389,110000296330,32,32,319
390,110000296331,32,32,320
391,110000296332,32,32,318
392,110000296333,32,32,318
393,110000296337,384,0,0
394,110000296339,64,11,309
395,110000296340,32,32,320
396,110000296341,32,32,320
397,110000296342,32,32,319
398,110000296343,32,32,320
399,110000296344,32,32,320
400,110000296345,32,32,320
401,110000296346,32,32,319
402,110000296347,32,32,320
403,110000296350,32,32,319
404,110000296351,32,32,319
405,110000296352,32,32,320
406,110000296353,32,32,320
407,110000296354,32,32,319
408,110000296355,32,32,319
409,110000296356,64,11,309
410,110000296358,384,0,0
411,110000296361,64,11,309
412,110000296366,32,32,320
413,110000296367,32,32,320
414,110000296368,32,32,320
415,110000296369,32,32,320
416,110000296370,32,32,320
417,110000296371,32,32,319
418,110000296372,32,32,320
419,110000296373,32,32,320
420,110000296375,32,32,320
421,110000296376,32,32,320
422,110000296377,32,32,320
423,110000296378,32,32,320
424,110000296379,32,32,320
425,110000296380,32,32,320
426,110000296381,32,32,320
427,110000296382,32,32,320
428,110000296383,32,32,320
429,110000296384,32,32,320
430,110000296385,32,32,320
431,110000296386,32,32,320
432,110000296387,64,11,309
433,110000296389,384,0,0
434,110000296682,64,11,309
435,110000296683,32,32,320
436,110000296684,32,32,320
437,110000296685,32,32,320
438,110000296686,32,32,320
439,110000296687,32,32,315
440,110000296688,32,32,318
441,110000296689,32,32,316
442,110000296690,32,32,318
443,110000296691,32,32,320
444,110000297099,32,32,320
445,110000297100,32,32,306
446,110000297101,32,32,298
447,110000297102,32,32,281
448,110000297103,32,32,302
449,110000297105,32,32,304
450,110000297106,32,32,214
451,110000297107,32,32,210
452,110000297108,32,32,206
453,110000297109,32,32,193
454,110000297110,32,32,320
455,110000297111,32,32,320
456,110000297112,32,32,320
457,110000297113,32,32,320
458,110000297114,32,32,320
459,110000297115,32,32,320
460,110000297116,66,11,307
461,110000297118,384,0,0
462,110000297120,384,0,0
463,110000297122,66,11,307
464,110000297123,32,32,314
465,110000297124,32,32,313
466,110000297125,32,32,317
467,110000297126,32,32,317
468,110000297127,32,32,320
469,110000297128,32,32,319
470,110000297130,32,32,315
471,110000297131,32,32,317
472,110000297132,32,32,0
473,110000297133,32,32,79
474,110000297134,32,32,159
475,A1166127,64,11,309
476,A1166128,384,0,0
477,A1166130,32,33,217
478,A1166131,32,32,244
479,A1166132,32,32,188
480,A1166133,32,32,200
481,A1166134,32,32,206
482,A1166135,32,32,206
483,A1166136,32,34,213
484,A1166137,32,32,171
485,A1166138,32,32,320
486,A1166139,32,32,320
487,A1166140,32,32,320
488,A1166141,32,32,320
489,A1166142,32,32,320
490,A1166143,32,32,320
491,A1166144,32,32,320
492,A1166145,32,32,320
493,A1166146,32,32,320
494,A1166147,32,32,160
495,A1166150,32,32,320
496,A1166151,32,32,320
497,A1166152,32,32,320
498,A1166153,32,32,320
499,A1166154,32,32,320
500,A1166155,32,32,320
501,A1166156,32,32,320
502,A1166157,32,32,320
503,A1166158,32,32,320
504,A1166159,32,32,320
505,A1166160,32,32,320
506,A1166161,32,32,320
507,A1166162,32,32,320
508,A1166163,32,32,320
509,A1166164,32,32,320
510,A1166165,32,32,320
511,A1166166,32,32,320
512,A1166167,32,32,320
513,A1166168,32,32,320
514,A1166169,32,32,320
515,A1166170,32,32,320
516,A1166171,32,32,320
517,A1166172,32,32,320
518,A1166173,32,32,320
519,A1166174,32,32,320
520,A1166175,32,32,320
521,A1166176,32,32,320
522,A1166177,32,32,320
523,A1166179,64,11,309
524,A1166180,384,0,0
525,A1170384,64,11,309
526,A1170385,32,32,320
527,A1170386,32,32,320
528,A1170387,32,32,320
529,A1170388,32,32,320
530,A1170389,32,32,320
531,A1170390,32,32,320
532,A1170391,32,32,320
533,A1170392,32,32,320
534,A1170393,32,32,319
535,A1170394,32,32,320
536,A1170395,32,32,319
537,A1170396,32,32,320
538,A1170397,32,32,320
539,A1170398,32,32,320
540,A1170399,32,32,319
541,A1170400,32,32,320
542,A1170401,32,32,320
543,A1170402,32,32,320
544,A1170403,32,32,320
545,A1170404,32,32,320
546,A1170405,32,32,320
547,A1170406,32,32,320
548,A1170407,32,32,320
549,A1170408,32,32,320
550,A1170409,32,32,320
551,A1170410,32,32,320
552,A1170411,32,32,320
553,A1170412,32,32,320
554,A1170413,32,32,320
555,A1170414,32,32,320
556,A1170415,32,32,320
557,A1170416,32,32,320
558,A1170417,32,32,320
559,A1170418,32,32,320
560,A1170419,32,32,320
561,A1170420,32,32,320
562,A1170421,32,32,55
563,A1170423,32,32,320
564,A1170424,32,32,320
565,A1170425,32,32,318
566,A1170427,32,32,316
567,A1170428,32,32,314
568,A1170429,32,32,306
569,A1170430,32,32,67
570,A1170431,32,32,306
571,A1170432,32,32,304
572,A1170433,384,0,0
573,A1170437,32,32,318
574,A1170438,32,32,320
575,A1170439,32,32,320
576,A1170440,32,32,319
577,A1170441,32,32,315
578,A1170442,32,32,317
579,A1170443,32,32,319
580,A1170444,32,32,317
581,A1170445,32,32,315
582,A1170446,32,32,316
583,A1170447,32,32,316
584,A1170448,32,32,319
585,A1170449,32,32,318
586,A1170450,32,32,315
587,A1170451,32,32,313
588,A1170452,32,32,319
589,A1170453,32,32,311
590,A1170454,32,32,312
591,A1170455,32,32,314
592,A1170456,32,32,309
593,A1170457,32,32,316
594,A1170458,32,32,309
595,A1170459,32,32,316
596,A1170460,32,32,303
597,A1170461,32,32,306
598,A1170462,32,32,310
599,A1170463,32,32,313
600,A1170464,32,32,315
601,A1170465,32,32,313
602,A1170466,32,32,318
603,A1170467,32,32,312
604,A1170468,32,32,316
605,A1170469,32,32,316
606,A1170470,32,32,318
607,A1170471,32,32,319
608,A1170472,32,32,318
609,A1170473,32,32,317
610,A1170474,32,32,317
611,A1170475,32,32,313
612,A1170476,32,32,314
613,A1170477,32,32,315
614,A1170478,32,32,319
615,A1170479,32,32,319
616,A1170480,32,32,320
617,A1170481,32,32,318
618,A1170482,32,32,317
619,A1170483,32,32,318
620,A1170484,32,32,319
621,A1170485,32,32,315
622,A1170486,32,32,318
623,A1170487,32,32,319
624,A1170488,32,32,318
625,A1170490,64,11,309
626,A1170491,384,0,0
627,A1170493,32,32,316
628,A1170494,32,32,319
629,A1170495,32,32,317
630,A1170496,32,32,317
631,A1170497,32,32,320
632,A1170498,32,32,320
633,A1170499,32,32,319
634,A1170500,32,32,317
635,A1170501,32,32,316
636,A1170502,32,32,317
637,A1170503,32,32,320
638,A1170504,32,32,320
639,A1170505,32,32,317
640,A1170506,32,32,315
641,A1170507,32,32,319
642,A1170508,32,32,320
643,A1170509,32,32,319
644,A1170510,32,32,159
645,A1170511,32,32,79
646,A1170513,32,32,296
647,A1170514,32,32,281
648,A1170515,32,32,292
649,A1170516,32,32,298
650,A1170517,32,32,302
651,A1170518,32,32,297
652,A1170519,32,32,302
653,A1170520,32,32,296
654,A1170521,32,32,302
655,A1170522,32,32,279
656,A1170523,32,32,298
657,A1170524,32,32,306
658,A1170525,32,32,304
659,A1170526,32,32,304
660,A1170527,32,32,310
661,A1170528,32,32,296
662,A1170529,32,32,212
663,A1170530,32,32,253
664,A1170531,32,32,244
665,A1170532,32,33,211
666,A1170533,32,32,238
667,A1170534,32,32,236
668,A1170535,32,33,249
669,A1170536,32,32,203
670,A1170537,32,32,223
671,A1170538,32,32,224
672,A1170539,32,32,217
673,A1170540,32,32,206
674,A1170541,32,32,261
675,A1170542,32,32,252
676,A1170543,32,32,198
677,A1170544,32,32,200
678,ACPJUM012,64,11,309
679,ACPJUM032,64,11,307
680,ACPJUM051,64,11,309
681,ACPJUM052,64,11,309
682,ACPJUM061,64,11,309
683,ACPJUM062,64,11,309
684,ACPJUM071,64,11,309
685,ACPJUM072,64,11,309
686,ACPJUM081,64,11,309
687,ACPJUM082,64,11,309
688,ACPJUM091,64,11,309
689,ACPJUM102,64,11,309
690,ACPJUM111,64,11,309
691,ACPJUM112,64,11,309
692,ACPJUM121,64,11,309
693,ACPJUM141,64,11,309
694,ACPJUM142,64,11,309
695,ACPJUM151,64,11,309
696,ACPJUM161,64,11,309
697,ACPJUM162,64,11,309
698,ACPJUM181,64,11,309
699,ACPJUM182,64,11,309
700,ACPJUM191,64,11,309
701,ACPJUM192,64,11,309
702,AEOJUM201,32,32,320
703,AEOJUM202,32,32,320
704,AEOJUM203,32,32,320
705,AEOJUM204,32,32,320
706,AEOJUM205,32,32,320
707,AEOJUM301,32,32,320
708,AEOJUM303,32,32,320
709,AEOJUM304,32,32,320
710,AEOJUM305,32,32,320
711,AEOJUM306,32,32,320
712,AEOJUM307,32,32,80
713,AEOJUM401,32,32,320
714,AEOJUM402,32,32,320
715,AEOJUM403,32,32,320
716,AEOJUM404,32,32,320
717,AEOJUM405,32,32,320
718,AEOJUM406,32,32,320
719,AEOJUM407,32,32,80
720,AEOJUM501,32,32,320
721,AEOJUM502,32,32,320
722,AEOJUM504,32,32,320
723,AEOJUM505,32,32,320
724,AEOJUM604,32,32,320
725,AEOJUM605,32,32,320
726,AEOJUM701,32,32,320
727,AEOJUM702,32,32,320
728,AEOJUM703,32,32,320
729,AEOJUM706,32,32,320
730,AEOJUM707,32,32,80
731,AEOJUM803,32,32,320
732,AEOJUM806,32,32,320
733,AEOJUM807,32,32,80
734,AEOJUM902,32,32,320
735,AEOJUM906,32,32,320
736,AEOJUM907,32,32,80
737,AETJUM101,32,32,320
738,AETJUM102,32,32,320
739,AETJUM103,32,32,320
740,AETJUM104,32,32,320
741,AETJUM105,32,32,320
742,AETJUM106,32,32,320
743,AETJUM107,32,32,320
744,AETJUM108,32,32,320
745,AETJUM109,32,32,320
746,AETJUM110,32,32,320
747,AETJUM111,32,32,320
748,AETJUM112,32,32,320
749,AETJUM113,32,32,320
750,AETJUM114,32,32,320
751,AETJUM115,32,32,320
752,AETJUM116,32,32,320
753,AETJUM117,32,32,320
754,AETJUM118,32,32,320
755,AETJUM119,32,32,320
756,AETJUM120,32,32,320
757,AETJUM121,32,32,320
758,AETJUM122,32,32,320
759,AETJUM123,32,32,320
760,AETJUM125,32,32,320
761,AETJUM224,32,32,320
762,AETJUM226,32,32,320
763,AETJUM228,32,32,320
764,AETJUM229,32,32,320
765,AETJUM230,32,32,320
766,AETJUM231,32,32,320
767,AETJUM332,32,32,80
768,AETJUM427,32,32,320
769,APTJUM105,32,32,320
770,APTJUM106,32,32,320
771,APTJUM107,32,32,320
772,APTJUM108,32,32,320
773,APTJUM109,32,32,320
774,APTJUM110,32,32,320
775,APTJUM112,32,32,320
776,APTJUM114,32,32,320
777,APTJUM115,32,32,320
778,APTJUM116,32,32,320
779,APTJUM117,32,32,320
780,APTJUM118,32,32,320
781,APTJUM120,32,32,320
782,APTJUM121,32,32,320
783,APTJUM122,32,32,320
784,APTJUM123,32,32,320
785,APTJUM124,32,32,320
786,APTJUM125,32,32,320
787,APTJUM126,32,32,320
788,APTJUM128,32,32,320
789,APTJUM129,32,32,320
790,APTJUM131,32,32,320
791,APTJUM132,32,32,320
792,APTJUM133,32,32,49
793,APTJUM208,32,32,320
794,APTJUM210,32,32,320
795,APTJUM212,32,32,320
796,APTJUM213,32,32,320
797,APTJUM214,32,32,320
798,APTJUM216,32,32,320
799,APTJUM217,32,32,320
800,APTJUM218,32,32,320
801,APTJUM219,32,32,320
802,APTJUM220,32,32,320
803,APTJUM221,32,32,320
804,APTJUM228,32,32,320
805,APTJUM229,32,32,320
806,APTJUM230,32,32,319
807,APTJUM231,32,32,320
808,APTJUM232,32,32,320
809,APTJUM233,32,32,49
810,APTJUM301,32,32,320
811,APTJUM302,32,32,320
812,APTJUM303,32,32,320
813,APTJUM304,32,32,320
814,APTJUM324,32,32,320
815,APTJUM325,32,32,320
816,APTJUM326,32,32,320
817,APTJUM327,32,32,320
818,APTJUM409,32,32,320
819,APTJUM415,32,32,320
820,APTJUM419,32,32,320
821,APTJUM422,32,32,320
822,APTJUM430,32,32,320
823,APTJUM501,32,32,320
824,APTJUM511,32,32,320
825,APTJUM513,32,32,320
826,APTJUM523,32,32,320
827,APTJUM527,32,32,320
828,APTJUM611,32,32,320
829,ATSJUM103,32,32,320
830,ATSJUM104,32,32,320
831,ATSJUM106,32,32,320
832,ATSJUM107,32,32,319
833,ATSJUM108,32,32,320
834,ATSJUM109,32,32,320
835,ATSJUM110,32,32,320
836,ATSJUM111,32,32,320
837,ATSJUM112,32,32,320
838,ATSJUM113,32,32,320
839,ATSJUM114,32,32,320
840,ATSJUM115,32,32,320
841,ATSJUM116,32,32,320
842,ATSJUM117,32,32,320
843,ATSJUM118,32,32,320
844,ATSJUM119,32,32,320
845,ATSJUM120,32,32,320
846,ATSJUM121,32,32,320
847,ATSJUM122,32,32,320
848,ATSJUM123,32,32,320
849,ATSJUM124,32,32,320
850,ATSJUM125,32,32,320
851,ATSJUM126,32,32,320
852,ATSJUM127,32,32,320
853,ATSJUM128,32,32,320
854,ATSJUM129,32,32,320
855,ATSJUM130,32,32,320
856,ATSJUM131,32,32,320
857,ATSJUM132,32,32,80
858,ATSJUM201,32,32,320
859,ATSJUM202,32,32,320
860,ATSJUM203,32,32,320
861,ATSJUM204,32,32,320
862,ATSJUM205,32,32,320
863,ATSJUM206,32,32,320
864,ATSJUM207,32,32,320
865,ATSJUM208,32,32,320
866,ATSJUM209,32,32,320
867,ATSJUM210,32,32,320
868,ATSJUM211,32,32,320
869,ATSJUM212,32,32,320
870,ATSJUM213,32,32,320
871,ATSJUM214,32,32,320
872,ATSJUM215,32,32,320
873,ATSJUM216,32,32,320
874,ATSJUM217,32,32,320
875,ATSJUM220,32,32,320
876,ATSJUM221,32,32,320
877,ATSJUM222,32,32,320
878,ATSJUM223,32,32,320
879,ATSJUM224,32,32,320
880,ATSJUM225,32,32,320
881,ATSJUM226,32,32,320
882,ATSJUM227,32,32,320
883,ATSJUM228,32,32,320
884,ATSJUM229,32,32,320
885,ATSJUM230,32,32,320
886,ATSJUM231,32,32,320
887,ATSJUM232,32,32,80
888,ATSJUM401,32,32,320
889,ATSJUM405,32,32,320
890,ATSJUM418,32,32,320
891,ATSJUM419,32,32,320
892,ATSJUM502,32,32,320
893,ATTJUM202,32,32,320
894,ATTJUM203,32,32,320
895,ATTJUM204,32,32,320
896,ATTJUM205,32,32,320
897,ATTJUM206,32,32,320
898,ATTJUM207,32,32,320
899,B040103a,32,32,320
900,B040103b,32,32,319
901,B040103c,32,32,320
902,B040103d,32,32,320
903,B040203a,32,32,320
904,B040203b,32,32,320
905,B040203c,32,32,320
906,B040203d,32,30,320
907,B040303a,32,32,320
908,B040303b,32,32,320
909,B040303c,32,32,320
910,B040303d,32,32,320
911,B040603a,32,32,320
912,B040603b,32,32,320
913,B040603c,32,32,319
914,B040603d,32,32,320
915,B040903a,32,32,320
916,B040903b,32,32,320
917,B040903c,32,32,320
918,B040903d,32,32,192
919,BR00117035,16,8,341
920,BR00117036,16,8,341
921,BR00117037,16,12,337
922,BR00117038,16,12,337
923,BR00117039,16,12,337
924,BR00117040,16,12,337
925,BR00117041,16,12,337
926,BR00121423,64,11,309
927,BR00121425,64,11,309
928,BR00121426,64,11,308
929,BR00121427,64,11,308
930,BR00121428,64,11,308
931,BR00121436,64,11,308
932,BR00121437,64,11,309
933,BR00121543,16,12,343
934,BR00121544,16,12,343
935,BR00121545,16,12,343
936,BR00121546,16,12,343
937,BR00121547,16,12,341
938,BR00121548,16,12,341
939,BR00121549,16,12,341
940,BR00121550,16,12,341
941,BR00121551,16,12,341
942,BR00121552,12,10,256
943,BR00121553,12,10,256
944,BR00121554,12,10,256
945,BR00121555,12,10,256
946,BR00121556,12,10,256
947,BR00121559,16,8,341
948,BR00121560,16,8,341
949,BR00121562,16,8,341
950,BR00123506,16,12,341
951,BR00123507,16,12,341
952,BR00123509,16,12,342
953,BR00123510,16,12,342
954,BR00123511,16,12,342
955,BR00123512,16,12,343
956,BR00123513,16,12,343
957,BR00123514,16,12,343
958,BR00123515,16,12,343
959,BR00123516,16,12,343
960,BR00123517,16,12,335
961,BR00123518,16,12,335
962,BR00123519,16,12,335
963,BR00123520,16,12,335
964,BR00123521,16,12,335
965,BR00123525,16,12,343
966,BR00123526,16,12,343
967,BR00123527,16,12,343
968,BR00123528B,16,12,343
969,BR00123529,16,12,343
970,BR00123530,16,12,343
971,BR00123532,16,12,341
972,BR00123533,16,12,340
973,BR00123534,16,12,343
974,BR00123535,16,12,343
975,BR00123536,16,12,343
976,BR00123537,16,12,343
977,BR00123614,16,12,342
978,BR00123615,16,12,341
979,BR00123616,16,12,342
980,BR00123617,16,12,342
981,BR00123618,16,12,342
982,BR00123619,16,12,329
983,BR00123620,16,12,329
984,BR00123621,16,12,343
985,BR00123622,16,12,343
986,BR00123623,16,12,341
987,BR00123624,16,12,329
988,BR00123625,16,12,329
989,BR00123626,16,12,329
990,BR00123627,16,12,343
991,BR00123628,16,12,343
992,BR00123629,16,12,343
993,BR00123788,16,12,342
994,BR00123789,16,12,342
995,BR00124781,20,12,339
996,BR00124782,20,12,339
997,BR00124787,16,12,344
998,BR00124788,16,12,344
999,BR00124790,16,12,339
1000,BR00124791,16,12,339
1001,BR00124794,16,16,336
1002,BR00125619,16,12,343
1003,BR00125620,16,12,344
1004,BR00125621,16,12,344
1005,BR00125622,16,12,337
1006,BR00125623,16,12,337
1007,BR00125624,16,12,337
1008,BR00125625,16,12,337
1009,BR00125626,16,12,337
1010,BR00125627,16,12,343
1011,BR00125628,16,12,343
1012,BR00125629,16,12,343
1013,BR00125630,16,12,343
1014,BR00125631,16,12,343
1015,BR00125633,16,12,343
1016,BR00125634,16,12,343
1017,BR00125635,16,12,343
1018,BR00125636,16,12,343
1019,BR00126043,16,12,339
1020,BR00126044,16,12,339
1021,BR00126045,16,12,339
1022,BR00126046,16,16,338
1023,BR00126047,16,16,338
1024,BR00126048,16,16,338
1025,BR00126049,16,16,338
1026,BR00126050,16,16,338
1027,BR00126051,16,12,344
1028,BR00126052,16,12,344
1029,BR00126053,16,12,344
1030,BR00126055,16,12,344
1031,BR00126056,16,12,341
1032,BR00126057,16,12,341
1033,BR00126058,16,12,341
1034,BR00126059,16,12,341
1035,BR00126060,16,12,341
1036,BR00126062,20,12,339
1037,BR00126385,16,16,334
1038,BR00126386,16,16,337
1039,BR00126387,16,16,337
1040,BR00126388,16,16,337
1041,BR00126389,16,16,337
1042,BR00126390,16,16,338
1043,BR00126391,16,16,338
1044,BR00126392,16,16,338
1045,BR00126393,16,16,338
1046,BR00126394,16,16,338
1047,BR00126395,16,12,343
1048,BR00126396,16,12,343
1049,BR00126397,16,12,343
1050,BR00126398,16,12,343
1051,BR00126399,16,12,343
1052,BR00126400,16,16,336
1053,BR00126401,16,16,336
1054,BR00126402,16,16,336
1055,BR00126403,16,16,336
1056,BR00126404,20,12,339
1057,BR00126520,16,16,338
1058,BR00126521,16,16,339
1059,BR00126534,16,16,339
1060,BR00126535,16,16,339
1061,BR00126536,16,16,339
1062,BR00126537,16,16,339
1063,BR00126538,16,12,342
1064,BR00126539,16,12,342
1065,BR00126540,16,12,342
1066,BR00126541,16,12,342
1067,BR00126542,16,12,342
1068,BR00126543,20,12,339
1069,BR00126545,16,12,340
1070,BR00126546,16,12,340
1071,BR00126547,16,12,340
1072,BR00126548,16,12,340
1073,BR00126549,16,12,340
1074,BR00126550,16,16,338
1075,BR00126551,16,16,338
1076,BR00126552,16,16,338
1077,BR00126553,16,16,338
1078,BR00127149,64,11,309
1079,C13443aW,32,32,320
1080,C13443bW,32,32,320
1081,C13443cW,32,32,320
1082,C13443dW,32,32,320
1083,C13451aW,32,32,320
1084,C13451cW,32,32,320
1085,C13459aW,32,32,320
1086,C13459bW,32,32,320
1087,C13459cW,32,32,320
1088,C13459dW,32,32,320
1089,C13487aW,32,32,320
1090,C13487bW,32,32,320
1091,C13487cW,32,32,320
1092,C13487dW,32,32,320
1093,C13495aW,32,32,320
1094,C13495bW,32,32,320
1095,C13495cW,32,32,320
1096,CP-CC9-R1-01,29,35,317
1097,CP-CC9-R1-02,29,35,318
1098,CP-CC9-R1-03,29,35,318
1099,CP-CC9-R1-04,28,36,318
1100,CP-CC9-R1-05,28,35,319
1101,CP-CC9-R1-06,28,36,320
1102,CP-CC9-R1-07,30,36,318
1103,CP-CC9-R1-08,28,36,320
1104,CP-CC9-R1-09,28,36,320
1105,CP-CC9-R1-10,28,36,320
1106,CP-CC9-R1-11,28,36,320
1107,CP-CC9-R1-12,182,36,166
1108,CP-CC9-R1-13,28,36,320
1109,CP-CC9-R1-14,28,37,319
1110,CP-CC9-R1-15,28,36,320
1111,CP-CC9-R1-16,29,36,319
1112,CP-CC9-R1-17,28,36,320
1113,CP-CC9-R1-18,28,36,320
1114,CP-CC9-R1-19,29,36,319
1115,CP-CC9-R1-20,30,36,318
1116,CP-CC9-R1-21,29,36,319
1117,CP-CC9-R1-22,28,36,320
1118,CP-CC9-R1-23,28,36,320
1119,CP-CC9-R1-24,28,36,320
1120,CP-CC9-R1-25,28,36,320
1121,CP-CC9-R1-26,29,36,319
1122,CP-CC9-R1-27,192,36,156
1123,CP-CC9-R1-28,384,0,0
1124,CP-CC9-R1-29,64,11,309
1125,CP-CC9-R2-01,28,36,320
1126,CP-CC9-R2-02,29,36,319
1127,CP-CC9-R2-03,29,36,319
1128,CP-CC9-R2-04,30,36,318
1129,CP-CC9-R2-05,28,36,320
1130,CP-CC9-R2-06,28,36,320
1131,CP-CC9-R2-07,28,36,320
1132,CP-CC9-R2-08,28,36,320
1133,CP-CC9-R2-09,29,36,319
1134,CP-CC9-R2-10,29,36,319
1135,CP-CC9-R2-11,31,36,317
1136,CP-CC9-R2-12,182,36,166
1137,CP-CC9-R2-13,29,36,319
1138,CP-CC9-R2-14,28,37,319
1139,CP-CC9-R2-15,29,36,319
1140,CP-CC9-R2-16,29,36,319
1141,CP-CC9-R2-17,32,36,316
1142,CP-CC9-R2-18,29,36,319
1143,CP-CC9-R2-19,28,36,320
1144,CP-CC9-R2-20,29,36,319
1145,CP-CC9-R2-21,31,36,317
1146,CP-CC9-R2-22,28,36,320
1147,CP-CC9-R2-23,33,36,315
1148,CP-CC9-R2-24,30,36,318
1149,CP-CC9-R2-25,29,36,319
1150,CP-CC9-R2-26,29,36,319
1151,CP-CC9-R2-27,193,36,155
1152,CP-CC9-R2-28,384,0,0
1153,CP-CC9-R2-29,60,11,292
1154,CP-CC9-R3-01,28,36,320
1155,CP-CC9-R3-02,29,36,319
1156,CP-CC9-R3-03,29,36,319
1157,CP-CC9-R3-04,28,36,320
1158,CP-CC9-R3-05,28,36,320
1159,CP-CC9-R3-06,28,36,320
1160,CP-CC9-R3-07,28,36,320
1161,CP-CC9-R3-08,28,36,320
1162,CP-CC9-R3-09,28,36,320
1163,CP-CC9-R3-10,30,36,318
1164,CP-CC9-R3-11,29,36,319
1165,CP-CC9-R3-12,182,36,166
1166,CP-CC9-R3-13,28,36,320
1167,CP-CC9-R3-14,30,37,317
1168,CP-CC9-R3-15,30,36,318
1169,CP-CC9-R3-16,29,36,319
1170,CP-CC9-R3-17,30,36,318
1171,CP-CC9-R3-18,29,36,319
1172,CP-CC9-R3-19,28,36,320
1173,CP-CC9-R3-20,28,36,320
1174,CP-CC9-R3-21,29,36,319
1175,CP-CC9-R3-22,28,36,320
1176,CP-CC9-R3-23,28,36,320
1177,CP-CC9-R3-24,29,36,319
1178,CP-CC9-R3-25,29,36,319
1179,CP-CC9-R3-26,28,36,320
1180,CP-CC9-R3-27,192,36,156
1181,CP-CC9-R3-28,384,0,0
1182,CP-CC9-R3-29,64,11,309
1183,CP-CC9-R4-03,31,36,317
1184,CP-CC9-R4-04,30,36,318
1185,CP-CC9-R4-05,38,36,310
1186,CP-CC9-R4-06,28,36,320
1187,CP-CC9-R4-07,29,36,319
1188,CP-CC9-R4-08,39,36,309
1189,CP-CC9-R4-09,28,36,320
1190,CP-CC9-R4-10,28,36,320
1191,CP-CC9-R4-11,29,36,319
1192,CP-CC9-R4-12,186,36,162
1193,CP-CC9-R4-13,28,36,320
1194,CP-CC9-R4-14,29,37,318
1195,CP-CC9-R4-15,28,36,320
1196,CP-CC9-R4-16,29,36,319
1197,CP-CC9-R4-17,31,36,317
1198,CP-CC9-R4-18,30,36,318
1199,CP-CC9-R4-19,28,36,320
1200,CP-CC9-R4-20,30,36,318
1201,CP-CC9-R4-21,30,36,318
1202,CP-CC9-R4-22,29,36,319
1203,CP-CC9-R4-23,29,36,319
1204,CP-CC9-R4-24,30,36,318
1205,CP-CC9-R4-25,29,36,319
1206,CP-CC9-R4-26,28,36,320
1207,CP-CC9-R4-27,193,36,155
1208,CP-CC9-R4-28,384,0,0
1209,CP-CC9-R5-01,28,36,320
1210,CP-CC9-R5-02,30,36,318
1211,CP-CC9-R5-03,29,36,319
1212,CP-CC9-R5-04,28,36,320
1213,CP-CC9-R5-05,29,36,319
1214,CP-CC9-R5-06,29,36,319
1215,CP-CC9-R5-07,29,36,319
1216,CP-CC9-R5-08,29,36,319
1217,CP-CC9-R5-09,28,36,320
1218,CP-CC9-R5-10,29,36,319
1219,CP-CC9-R5-11,29,36,319
1220,CP-CC9-R5-12,182,36,166
1221,CP-CC9-R5-13,29,36,319
1222,CP-CC9-R5-14,33,37,314
1223,CP-CC9-R5-15,29,36,319
1224,CP-CC9-R5-16,29,36,319
1225,CP-CC9-R5-17,30,36,318
1226,CP-CC9-R5-18,31,36,317
1227,CP-CC9-R5-19,28,36,320
1228,CP-CC9-R5-20,28,36,320
1229,CP-CC9-R5-21,30,36,318
1230,CP-CC9-R5-22,30,36,318
1231,CP-CC9-R5-23,29,36,319
1232,CP-CC9-R5-24,29,36,319
1233,CP-CC9-R5-25,28,36,320
1234,CP-CC9-R5-26,30,36,318
1235,CP-CC9-R5-27,193,36,155
1236,CP-CC9-R5-28,384,0,0
1237,CP-CC9-R5-29,64,11,309
1238,CP-CC9-R6-01,28,36,320
1239,CP-CC9-R6-02,270,36,78
1240,CP-CC9-R6-19,28,36,320
1241,CP-CC9-R6-28,384,0,0
1242,CP-CC9-R6-29,79,11,294
1243,CP-CC9-R7-01,28,36,320
1244,CP-CC9-R7-02,28,36,320
1245,CP-CC9-R7-19,28,36,320
1246,CP-CC9-R7-28,384,0,0
1247,CP-CC9-R7-29,79,11,294
1248,CP-CC9-R8-01,28,36,320
1249,CP-CC9-R8-02,28,36,320
1250,CP1-SC1-01,32,32,318
1251,CP1-SC1-04,32,34,317
1252,CP1-SC1-05,33,33,318
1253,CP1-SC1-06,33,32,319
1254,CP1-SC1-07,32,32,320
1255,CP1-SC1-08,38,32,311
1256,CP1-SC1-09,36,32,315
1257,CP1-SC1-10,34,32,318
1258,CP1-SC1-11,34,32,318
1259,CP1-SC1-12,32,33,319
1260,CP1-SC1-13,32,32,320
1261,CP1-SC1-14,33,32,319
1262,CP1-SC1-15,34,32,318
1263,CP1-SC1-16,39,32,313
1264,CP1-SC1-17,77,32,275
1265,CP1-SC1-18,38,32,314
1266,CP1-SC1-19,164,33,187
1267,CP1-SC1-20,32,32,318
1268,CP1-SC1-21,32,32,320
1269,CP1-SC1-22,32,32,320
1270,CP1-SC1-23,61,32,291
1271,CP1-SC1-24,384,0,0
1272,CP1-SC1-25,64,11,309
1273,CP1-SC2-25,64,11,309
1274,CP2-SC1-01,32,32,318
1275,CP2-SC1-02,32,32,319
1276,CP2-SC1-03,34,32,318
1277,CP2-SC1-04,32,34,317
1278,CP2-SC1-05,33,33,318
1279,CP2-SC1-06,33,32,319
1280,CP2-SC1-07,32,32,320
1281,CP2-SC1-08,38,32,314
1282,CP2-SC1-09,36,32,316
1283,CP2-SC1-10,34,32,318
1284,CP2-SC1-11,34,32,318
1285,CP2-SC1-12,32,33,319
1286,CP2-SC1-13,32,32,320
1287,CP2-SC1-14,33,32,319
1288,CP2-SC1-15,34,32,318
1289,CP2-SC1-16,39,32,313
1290,CP2-SC1-17,77,32,275
1291,CP2-SC1-18,38,32,314
1292,CP2-SC1-19,164,33,187
1293,CP2-SC1-20,32,32,318
1294,CP2-SC1-21,32,32,320
1295,CP2-SC1-22,32,32,320
1296,CP2-SC1-23,61,32,291
1297,CP2-SC1-24,384,0,0
1298,CP2-SC1-25,64,11,309
1299,CP3-SC1-02,32,32,319
1300,CP3-SC1-03,34,32,318
1301,CP3-SC1-04,32,34,317
1302,CP3-SC1-05,33,33,318
1303,CP3-SC1-06,33,32,319
1304,CP3-SC1-07,32,32,320
1305,CP3-SC1-08,38,32,314
1306,CP3-SC1-09,36,32,316
1307,CP3-SC1-10,34,32,318
1308,CP3-SC1-11,34,32,318
1309,CP3-SC1-12,32,33,319
1310,CP3-SC1-13,32,32,320
1311,CP3-SC1-14,33,32,319
1312,CP3-SC1-15,34,32,318
1313,CP3-SC1-16,39,32,313
1314,CP3-SC1-17,77,32,275
1315,CP3-SC1-18,38,32,314
1316,CP3-SC1-19,164,33,187
1317,CP3-SC1-20,32,32,318
1318,CP3-SC1-21,32,32,320
1319,CP3-SC1-22,32,32,320
1320,CP3-SC1-23,61,32,291
1321,CP3-SC1-24,384,0,0
1322,CP3-SC1-25,64,11,309
1323,CP3-SC2-24M,384,0,0
1324,CP3-SC2-25M,64,11,309
1325,CP4-SC1-05,33,33,318
1326,CP4-SC1-06,33,32,319
1327,CP4-SC1-07,32,32,320
1328,CP4-SC1-08,38,32,314
1329,CP4-SC1-09,36,32,316
1330,CP4-SC1-10,34,32,318
1331,CP4-SC1-11,34,32,318
1332,CP4-SC1-12,32,33,319
1333,CP4-SC1-13,32,32,320
1334,CP4-SC1-14,33,32,319
1335,CP4-SC1-15,34,32,318
1336,CP4-SC1-16,39,32,313
1337,CP4-SC1-17,77,32,275
1338,CP4-SC1-19,164,33,187
1339,CP4-SC1-20,32,32,318
1340,CP4-SC1-21,32,32,320
1341,CP4-SC1-22,32,32,320
1342,CP4-SC1-23,61,32,291
1343,CP4-SC1-24,384,0,0
1344,CP4-SC1-25,64,11,309
1345,CP5-SC1-01,32,32,318
1346,CP5-SC1-03,34,32,318
1347,CP5-SC1-04,32,34,317
1348,CP5-SC1-05,33,33,318
1349,CP5-SC1-06,33,32,319
1350,CP5-SC1-07,32,32,320
1351,CP5-SC1-08,38,32,314
1352,CP5-SC1-09,36,32,316
1353,CP5-SC1-10,34,32,318
1354,CP5-SC1-11,34,32,318
1355,CP5-SC1-12,32,33,319
1356,CP5-SC1-13,32,32,320
1357,CP5-SC1-14,33,32,319
1358,CP5-SC1-15,34,32,318
1359,CP5-SC1-16,39,32,313
1360,CP5-SC1-17,77,32,275
1361,CP5-SC1-18,38,32,314
1362,CP5-SC1-19,164,33,187
1363,CP5-SC1-20,32,32,318
1364,CP5-SC1-21,32,32,320
1365,CP5-SC1-22,32,32,320
1366,CP5-SC1-23,61,32,291
1367,CP5-SC1-24,384,0,0
1368,CP5-SC1-25,64,11,309
1369,CP6-SC1-01,32,32,318
1370,CP6-SC1-02,32,32,319
1371,CP6-SC1-03,34,32,318
1372,CP6-SC1-04,32,34,317
1373,CP6-SC1-18,38,32,314
1374,CP7-SC1-01,32,32,318
1375,CP7-SC1-02,32,32,316
1376,CP7-SC1-03,34,32,318
1377,CP8-SC1-02,32,32,316
1378,DMSO71-102_1,384,0,0
1379,DMSO71-102_2,384,0,0
1380,Dest210531-152149,32,32,177
1381,Dest210531-152324,32,32,174
1382,Dest210531-152459,32,32,177
1383,Dest210531-152634,32,32,171
1384,Dest210531-152810,32,32,310
1385,Dest210531-152945,32,32,303
1386,Dest210531-153120,32,32,313
1387,Dest210531-153804,32,32,315
1388,Dest210601-153606,32,32,80
1389,Dest210601-153742,32,32,80
1390,Dest210601-153918,32,32,80
1391,Dest210601-154127,32,32,78
1392,Dest210601-154302,32,32,80
1393,Dest210601-154437,32,32,80
1394,Dest210601-154612,32,32,80
1395,Dest210601-154924,32,32,78
1396,Dest210601-155059,32,32,79
1397,Dest210601-155234,32,32,80
1398,Dest210601-155410,32,32,80
1399,Dest210601-155546,32,32,78
1400,Dest210601-155722,32,32,79
1401,Dest210601-155859,32,29,80
1402,Dest210607-134443,32,32,318
1403,Dest210607-134618,32,32,317
1404,Dest210607-134930,32,32,319
1405,Dest210607-135106,32,32,320
1406,Dest210607-135241,32,32,317
1407,Dest210607-135426,32,32,320
1408,Dest210607-135749,32,32,238
1409,Dest210607-140103,32,32,238
1410,Dest210607-140241,32,32,314
1411,Dest210607-140420,32,32,315
1412,Dest210607-140601,32,32,311
1413,Dest210608-150932,32,32,240
1414,Dest210608-151108,32,32,236
1415,Dest210608-151243,32,32,235
1416,Dest210608-151418,32,32,236
1417,Dest210608-151554,32,32,319
1418,Dest210608-151729,32,32,319
1419,Dest210608-152434,32,28,319
1420,Dest210608-152610,32,29,316
1421,Dest210608-152745,32,28,319
1422,Dest210608-152921,32,28,315
1423,Dest210608-153057,32,27,318
1424,Dest210608-153234,32,28,311
1425,Dest210608-153411,32,28,317
1426,Dest210614-162933,32,32,318
1427,Dest210614-163109,32,32,316
1428,Dest210614-163244,32,32,320
1429,Dest210614-163446,32,32,316
1430,Dest210614-163621,32,32,318
1431,Dest210614-163756,32,32,316
1432,Dest210614-163932,32,32,319
1433,Dest210614-164243,32,31,318
1434,Dest210614-164418,32,29,316
1435,Dest210614-164553,32,28,315
1436,Dest210614-164730,32,28,318
1437,Dest210614-164906,32,29,319
1438,Dest210614-165045,32,28,318
1439,Dest210614-165222,32,28,319
1440,Dest210615-151201,32,30,318
1441,Dest210615-151336,32,29,317
1442,Dest210615-151512,32,29,317
1443,Dest210615-152648,32,29,80
1444,Dest210615-153001,32,28,320
1445,Dest210615-153137,32,28,318
1446,Dest210621-132542,32,32,318
1447,Dest210621-132717,32,32,320
1448,Dest210621-132852,32,32,320
1449,Dest210621-133027,32,32,320
1450,Dest210621-133202,32,32,320
1451,Dest210621-133338,32,32,320
1452,Dest210621-133513,32,32,320
1453,Dest210621-134201,32,32,320
1454,Dest210621-134337,32,32,320
1455,Dest210621-134650,32,32,320
1456,Dest210621-134826,32,32,320
1457,Dest210621-135001,32,32,320
1458,Dest210622-142830,32,28,320
1459,Dest210622-143006,32,28,320
1460,Dest210622-143317,32,28,320
1461,Dest210622-143628,32,28,319
1462,Dest210622-144809,32,28,319
1463,Dest210622-144945,32,28,319
1464,Dest210622-145122,32,28,320
1465,Dest210622-145259,32,28,320
1466,Dest210628-162003,0,0,0
1467,Dest210705-142134,32,32,320
1468,Dest210705-142446,32,32,320
1469,Dest210705-142621,32,32,317
1470,Dest210705-142818,32,32,320
1471,Dest210705-142958,32,32,320
1472,Dest210705-143133,32,32,320
1473,Dest210705-143620,32,28,320
1474,Dest210705-143821,32,28,320
1475,Dest210705-143959,32,29,320
1476,Dest210705-144135,32,28,320
1477,Dest210705-144312,32,28,320
1478,Dest210705-144447,32,28,320
1479,Dest210705-144624,32,28,319
1480,Dest210707-094057,32,28,288
1481,Dest210707-094231,32,28,169
1482,Dest210707-094542,32,28,320
1483,Dest210726-160150,64,11,309
1484,Dest210726-160328,32,28,320
1485,Dest210726-160506,32,28,320
1486,Dest210726-160643,32,28,320
1487,Dest210726-160820,32,28,320
1488,Dest210726-160957,32,28,319
1489,Dest210726-161133,32,28,320
1490,Dest210726-161447,32,28,319
1491,Dest210726-161624,32,28,320
1492,Dest210726-161801,32,28,320
1493,Dest210726-162012,32,28,319
1494,Dest210726-162150,32,28,319
1495,Dest210726-162329,32,28,320
1496,Dest210726-162828,32,28,320
1497,Dest210726-163005,32,28,320
1498,Dest210726-163143,32,28,320
1499,Dest210726-163321,32,28,320
1500,Dest210726-163500,32,28,320
1501,Dest210727-153003,64,11,309
1502,Dest210727-153138,32,32,320
1503,Dest210727-153313,32,32,320
1504,Dest210727-153448,32,32,320
1505,Dest210727-153623,32,32,320
1506,Dest210727-153944,32,32,320
1507,Dest210727-154118,32,32,320
1508,Dest210727-154253,32,32,320
1509,Dest210727-154427,32,32,320
1510,Dest210727-154746,32,32,320
1511,Dest210727-155549,32,32,160
1512,Dest210727-155725,32,32,309
1513,Dest210727-155901,32,32,316
1514,Dest210727-160037,32,32,310
1515,Dest210803-153958,64,11,309
1516,Dest210803-154133,32,28,320
1517,Dest210803-154309,32,28,320
1518,Dest210803-154444,32,28,320
1519,Dest210803-154619,32,28,320
1520,Dest210803-154754,32,28,320
1521,Dest210803-154929,32,28,320
1522,Dest210803-155239,32,28,320
1523,Dest210803-155415,32,28,319
1524,Dest210803-155551,32,28,320
1525,Dest210803-155726,32,28,320
1526,Dest210803-160041,32,28,320
1527,Dest210803-160217,32,28,320
1528,Dest210803-160527,32,28,320
1529,Dest210803-160702,32,28,316
1530,Dest210803-160838,32,28,314
1531,Dest210803-161150,32,28,320
1532,Dest210809-134534,64,11,308
1533,Dest210809-134710,32,28,314
1534,Dest210809-134845,32,28,313
1535,Dest210809-135020,32,28,314
1536,Dest210809-135156,32,28,317
1537,Dest210809-135330,32,28,319
1538,Dest210809-135505,32,28,317
1539,Dest210809-135646,32,28,314
1540,Dest210809-135821,32,28,319
1541,Dest210809-135957,32,28,320
1542,Dest210809-140131,32,28,320
1543,Dest210809-140308,32,28,288
1544,Dest210809-140929,32,28,319
1545,Dest210809-141104,32,28,313
1546,Dest210809-141456,32,28,319
1547,Dest210809-141632,32,28,320
1548,Dest210809-141809,32,28,319
1549,Dest210810-173723,64,11,308
1550,Dest210810-173859,32,28,304
1551,Dest210810-174829,32,28,320
1552,Dest210810-175009,32,28,320
1553,Dest210810-175151,32,28,320
1554,Dest210810-175644,32,28,320
1555,Dest210810-175828,32,28,320
1556,Dest210810-180004,32,28,320
1557,Dest210810-180316,32,28,318
1558,Dest210823-172450,64,11,309
1559,Dest210823-172626,32,32,320
1560,Dest210823-172805,32,32,320
1561,Dest210823-172940,32,32,320
1562,Dest210823-173115,32,32,320
1563,Dest210823-173306,32,32,200
1564,Dest210823-173441,32,32,80
1565,Dest210823-173617,32,32,197
1566,Dest210823-173752,32,32,191
1567,Dest210823-173928,32,32,160
1568,Dest210823-174104,32,32,184
1569,Dest210823-174240,0,0,0
1570,Dest210823-174422,0,0,0
1571,Dest210823-174556,32,32,239
1572,Dest210823-174733,32,32,243
1573,Dest210823-174909,32,32,320
1574,Dest210823-175044,32,32,320
1575,Dest210823-175219,32,28,238
1576,Dest210823-175355,32,24,237
1577,Dest210823-175531,32,28,319
1578,Dest210823-180039,32,32,320
1579,Dest210823-180215,32,32,320
1580,Dest210823-180351,32,32,314
1581,Dest210823-180533,32,32,310
1582,Dest210823-180708,32,29,320
1583,Dest210823-180842,32,28,320
1584,Dest210823-181018,32,28,320
1585,Dest210823-181152,32,29,318
1586,Dest210823-181327,32,28,320
1587,Dest210823-181501,32,28,319
1588,Dest210823-181636,32,29,320
1589,Dest210823-181810,32,28,320
1590,Dest210823-181945,32,28,319
1591,Dest210823-182120,32,28,317
1592,Dest210823-182255,32,29,309
1593,Dest210823-182450,32,28,309
1594,EC000001,32,32,320
1595,EC000002,32,32,320
1596,EC000003,32,32,320
1597,EC000004,32,32,319
1598,EC000005,32,32,320
1599,EC000006,32,32,320
1600,EC000007,32,32,320
1601,EC000008,32,32,320
1602,EC000009,32,32,320
1603,EC000010,32,32,320
1604,EC000011,32,32,320
1605,EC000012,32,32,320
1606,EC000013,32,32,320
1607,EC000014,32,32,320
1608,EC000015,32,32,320
1609,EC000016,32,32,320
1610,EC000017,32,32,320
1611,EC000018,32,32,320
1612,EC000019,32,32,320
1613,EC000020,32,32,320
1614,EC000021,32,31,320
1615,EC000022,32,30,320
1616,EC000023,32,32,320
1617,EC000024,32,32,320
1618,EC000025,32,32,320
1619,EC000026,32,32,320
1620,EC000027,32,32,320
1621,EC000028,32,32,320
1622,EC000029,32,32,320
1623,EC000030,32,32,320
1624,EC000031,32,32,320
1625,EC000032,32,31,320
1626,EC000037,32,32,320
1627,EC000038,21,21,208
1628,EC000039,32,32,320
1629,EC000040,32,32,320
1630,EC000041,32,32,320
1631,EC000042,32,32,320
1632,EC000043,32,32,320
1633,EC000044,32,32,320
1634,EC000045,15,15,159
1635,EC000046,32,32,320
1636,EC000047,32,32,320
1637,EC000048,11,11,104
1638,EC000049,32,32,320
1639,EC000050,32,32,320
1640,EC000051,32,31,319
1641,EC000052,32,32,320
1642,EC000053,32,32,49
1643,EC000054,32,32,320
1644,EC000055,32,32,320
1645,EC000056,32,32,320
1646,EC000057,32,32,320
1647,EC000058,32,32,320
1648,EC000059,32,32,320
1649,EC000060,32,32,320
1650,EC000061,32,32,320
1651,EC000062,32,32,320
1652,EC000063,32,32,320
1653,EC000064,32,32,320
1654,EC000065,32,32,320
1655,EC000066,32,32,320
1656,EC000067,32,32,320
1657,EC000068,32,30,320
1658,EC000069,32,32,320
1659,EC000070,32,32,49
1660,EC000071,32,32,318
1661,EC000072,32,32,320
1662,EC000073,32,32,320
1663,EC000074,32,32,320
1664,EC000075,32,32,320
1665,EC000076,32,32,320
1666,EC000077,32,32,320
1667,EC000078,32,32,320
1668,EC000079,32,32,320
1669,EC000080,32,32,320
1670,EC000081,32,32,320
1671,EC000082,32,32,320
1672,EC000083,32,32,320
1673,EC000084,32,31,320
1674,EC000085,32,32,320
1675,EC000086,32,32,320
1676,EC000087,32,32,320
1677,EC000088,32,32,320
1678,EC000089,32,32,316
1679,EC000090,32,32,320
1680,EC000091,32,32,320
1681,EC000092,32,32,320
1682,EC000093,32,32,316
1683,EC000094,31,28,301
1684,EC000095,32,32,308
1685,EC000096,32,31,320
1686,EC000097,32,32,320
1687,EC000098,32,31,320
1688,EC000099,32,32,320
1689,EC000100,32,32,320
1690,EC000101,32,32,320
1691,EC000102,32,32,80
1692,EC000103,32,32,320
1693,EC000104,32,32,320
1694,EC000105,32,32,320
1695,EC000106,32,32,320
1696,EC000107,32,32,320
1697,EC000108,32,32,320
1698,EC000109,32,32,320
1699,EC000110,32,32,320
1700,EC000111,32,32,319
1701,EC000112,32,32,320
1702,EC000113,32,32,320
1703,EC000114,32,32,320
1704,EC000115,32,26,320
1705,EC000116,32,32,320
1706,EC000117,32,32,320
1707,EC000118,32,31,320
1708,EC000119,32,32,320
1709,EC000120,32,32,320
1710,EC000121,32,29,320
1711,EC000122,32,32,320
1712,EC000123,32,32,320
1713,EC000124,32,32,320
1714,EC000125,32,32,320
1715,EC000126,32,31,320
1716,EC000127,32,32,320
1717,EC000128,32,32,320
1718,EC000129,32,32,320
1719,EC000130,32,31,320
1720,EC000131,32,32,320
1721,EC000132,32,32,320
1722,EC000133,32,32,320
1723,EC000134,32,32,320
1724,EC000135,32,32,320
1725,EC000136,32,32,320
1726,EC000137,21,21,208
1727,EC000138,32,32,320
1728,EC000139,32,32,320
1729,EC000140,32,32,320
1730,EC000141,32,32,319
1731,EC000142,32,32,320
1732,EC000143,32,32,320
1733,EC000144,32,32,320
1734,EC000145,32,32,320
1735,EC000146,32,32,320
1736,EC000147,32,32,320
1737,EC000148,32,32,320
1738,EC000149,32,32,320
1739,EC000150,32,32,320
1740,EC000151,32,32,320
1741,EC000152,32,32,320
1742,EC000153,32,32,320
1743,EC000154,32,32,320
1744,EC000155,32,32,320
1745,EC000156,32,32,320
1746,EC000157real,0,0,0
1747,EC000158,32,32,320
1748,EC000159,32,32,320
1749,EC000160,32,32,320
1750,EC000161,32,32,320
1751,EC000162,32,32,320
1752,EC000163,32,32,320
1753,EC000164,32,32,318
1754,EC000165,32,32,320
1755,EC000166,32,32,320
1756,EC000167,32,32,320
1757,EC000168,32,32,320
1758,EC000169,32,32,320
1759,EC000170,32,32,320
1760,EC000171,32,32,240
1761,EC103-132DMSO1,384,0,0
1762,EC103-132DMSO2,384,0,0
1763,EC103-132LM2,64,11,309
1764,EC133-171DMSO1,384,0,0
1765,EC133-171DMSO2,384,0,0
1766,EC133-171LM1,64,11,309
1767,EC133-171LM2,64,11,309
1768,GR00003279,128,112,1295
1769,GR00003280,128,112,1295
1770,GR00003281,128,112,1295
1771,GR00003282,128,112,1295
1772,GR00003283,256,44,1236
1773,GR00003284,128,112,1295
1774,GR00003285,128,112,1295
1775,GR00003286,128,112,1295
1776,GR00003287,128,112,1295
1777,GR00003288,128,112,1025
1778,GR00003289,128,112,1025
1779,GR00003290,128,112,1025
1780,GR00003296,128,112,1296
1781,GR00003297,128,112,1296
1782,GR00003298,128,112,1296
1783,GR00003299,128,112,1296
1784,GR00003300,256,44,1236
1785,GR00003301,128,112,1294
1786,GR00003302,128,112,1294
1787,GR00003303,128,112,1294
1788,GR00003306,128,112,1296
1789,GR00003307,128,112,1296
1790,GR00003308,128,112,1296
1791,GR00003309,128,112,1296
1792,GR00003310,256,44,1236
1793,GR00003311,128,112,1296
1794,GR00003313,128,112,1296
1795,GR00003314,128,112,1296
1796,GR00003315,128,112,1296
1797,GR00003316,128,112,1296
1798,GR00003317,128,112,1296
1799,GR00003318,128,112,1296
1800,GR00003330,128,112,1296
1801,GR00003331,128,112,1296
1802,GR00003332,128,112,1296
1803,GR00003333,128,112,1296
1804,GR00003334,256,44,1236
1805,GR00003335,128,112,1296
1806,GR00003336,128,112,1296
1807,GR00003337,128,112,1296
1808,GR00003338,128,112,1296
1809,GR00003339,128,112,1296
1810,GR00003340,256,44,1236
1811,GR00003341,128,112,1056
1812,GR00003342,128,112,1056
1813,GR00003343,128,112,1056
1814,GR00003344,128,112,1056
1815,GR00003381,128,112,1296
1816,GR00003382,128,112,1296
1817,GR00003383,128,112,1296
1818,GR00003384,128,112,1296
1819,GR00003386,128,112,1296
1820,GR00003387,128,112,1296
1821,GR00003390,128,112,1295
1822,GR00003391,128,112,1295
1823,GR00003392,128,112,1295
1824,GR00003393,128,112,1295
1825,GR00003394,256,44,1236
1826,GR00003395,128,112,1296
1827,GR00003396,128,112,1296
1828,GR00003412,128,112,1296
1829,GR00003413,128,112,1296
1830,GR00004367,128,112,1290
1831,GR00004368,128,112,1290
1832,GR00004369,128,112,1290
1833,GR00004370,128,112,1290
1834,GR00004371,256,44,1236
1835,GR00004372,128,112,1290
1836,GR00004373,128,112,1290
1837,GR00004374,128,112,1290
1838,GR00004375,128,112,1290
1839,GR00004377,128,112,1284
1840,GR00004378,128,112,1284
1841,GR00004379,128,112,1284
1842,GR00004380,128,112,1284
1843,GR00004382,128,112,1056
1844,GR00004383,128,112,1056
1845,GR00004384,128,112,1056
1846,GR00004385,128,112,1056
1847,GR00004389,128,112,1025
1848,GR00004391,128,112,1296
1849,GR00004392,128,112,1296
1850,GR00004393,128,112,1296
1851,GR00004394,128,112,1296
1852,GR00004395,256,44,1236
1853,GR00004396,128,112,1295
1854,GR00004397,128,112,1295
1855,GR00004398,128,112,1295
1856,GR00004399,128,112,1295
1857,GR00004400,128,112,1296
1858,GR00004401,128,112,1296
1859,GR00004405,128,112,976
1860,GR00004406,128,112,976
1861,GR00004407,128,112,976
1862,GR00004408,128,112,976
1863,GR00004409,256,44,1236
1864,GR00004410,128,112,1295
1865,GR00004411,128,112,1295
1866,GR00004412,128,112,1295
1867,GR00004413,128,112,1295
1868,GR00004414,128,112,1295
1869,GR00004415,128,112,1295
1870,GR00004416,128,112,1295
1871,GR00004417,128,112,1295
1872,GR00004418,128,112,975
1873,GR00004419,128,112,975
1874,GR00004420,128,112,975
1875,GR00004421,128,112,975
1876,J12284a,32,32,320
1877,J12284b,32,32,320
1878,J12284c,32,32,320
1879,J12284d,32,32,320
1880,J12424a,32,32,320
1881,J12424b,32,32,320
1882,J12424c,32,32,320
1883,J12424d,32,32,320
1884,J12428a,32,32,320
1885,J12428b,32,32,320
1886,J12428c,32,32,320
1887,J12428d,32,32,318
1888,J12432a,32,32,320
1889,J12432b,32,32,320
1890,J12432c,32,32,320
1891,J12432d,32,32,320
1892,J12436A,32,32,320
1893,J12436b,32,32,320
1894,J12436c,32,32,317
1895,J12436d,32,32,320
1896,J12440a,32,32,320
1897,J12440b,32,32,320
1898,J12440c,32,32,319
1899,J12446a,32,32,320
1900,J12446b,32,32,320
1901,J12446c,32,32,320
1902,J12446d,32,32,320
1903,J12450a,32,32,319
1904,J12450b,32,32,320
1905,J12450c,32,32,320
1906,J12450d,32,32,320
1907,J12455a,32,32,320
1908,J12455b,32,32,320
1909,J12455c,32,32,185
1910,J12455d,32,32,96
1911,J12459a,32,32,320
1912,J12459b,32,32,320
1913,J12459c,32,32,320
1914,J12459d,32,32,320
1915,JCPQC016,64,11,309
1916,JCPQC017,64,11,309
1917,JCPQC018,64,11,309
1918,JCPQC019,64,11,309
1919,JCPQC020,64,11,309
1920,JCPQC021,64,11,309
1921,JCPQC022,64,11,309
1922,JCPQC023,64,11,309
1923,JCPQC024,64,11,309
1924,JCPQC025,64,11,309
1925,JCPQC028,64,11,309
1926,JCPQC029,64,11,309
1927,JCPQC030,64,11,309
1928,JCPQC031,64,11,309
1929,JCPQC032,64,11,309
1930,JCPQC033,64,11,309
1931,JCPQC034,64,11,309
1932,JCPQC035,64,11,309
1933,JCPQC036,64,11,308
1934,JCPQC037,64,11,309
1935,JCPQC038,64,11,309
1936,JCPQC051,64,11,309
1937,JCPQC052,64,11,309
1938,JCPQC053,64,11,309
1939,JCPQC054,64,11,309
1940,LM37-70_1,64,11,308
1941,LM37-70_2,64,11,309
1942,LM71-102_1,64,11,308
1943,LM71-102_2,64,11,307
1944,SP01P04a,32,32,313
1945,SP01P04b,32,29,318
1946,SP01P04c,32,32,312
1947,SP01P04d,32,32,316
1948,SP05P08a,32,32,306
1949,SP05P08b,32,32,310
1950,SP05P08c,32,32,313
1951,SP05P08d,32,32,315
1952,SP09P12a,32,32,316
1953,SP09P12b,32,32,309
1954,SP09P12c,32,32,316
1955,SP09P12d,32,32,303
1956,SP13P16a,32,32,311
1957,SP13P16b,32,32,312
1958,SP13P16c,32,32,314
1959,SP13P16d,32,32,309
1960,SP16P19a,32,32,318
1961,SP16P19b,32,32,315
1962,SP16P19d,32,32,319
1963,SP20P23a,32,32,315
1964,SP20P23b,32,32,316
1965,SP20P23c,32,32,316
1966,SP20P23d,32,32,319
1967,SP24P27a,32,32,315
1968,SP24P27b,32,32,317
1969,SP28P31a,32,32,318
1970,SP28P31b,32,32,320
1971,SP28P31c,32,32,320
1972,SP28P31d,32,32,319
1973,SP32P35a,32,32,306
1974,SP32P35b,32,32,304
1975,SP32P35c,32,32,306
1976,SP32P35d,32,32,67
1977,SP36P38a,32,32,316
1978,SP36P38b,32,32,314
1979,SP36P38c,32,32,318
1980,UL000081,129,64,1279
1981,UL000083,117,59,1243
1982,UL000087,128,64,1280
1983,UL000089,713,64,695
1984,UL000091,129,64,1279
1985,UL000093,130,64,1277
1986,UL000095,128,64,1280
1987,UL000097,128,64,1280
1988,UL000577,149,64,1259
1989,UL000579,162,64,1246
1990,UL000581,164,64,1244
1991,UL000583,425,64,983
1992,UL000585,128,64,1280
1993,UL000587,487,64,921
1994,UL000593,128,64,1280
1995,UL000595,131,64,1277
1996,UL000597,132,60,1117
1997,UL000599,460,64,948
1998,UL001641,128,64,1280
1999,UL001643,128,64,1280
2000,UL001645,128,64,1280
2001,UL001647,128,64,1280
2002,UL001649,128,64,1279
2003,UL001651,128,64,1280
2004,UL001653,128,64,1280
2005,UL001655,128,64,1280
2006,UL001665,128,64,1280
2007,UL001667,130,64,1278
2008,UL001669,128,64,1280
2009,UL001671,128,64,1280
2010,UL001673,128,64,1280
2011,UL001675,128,64,1280
2012,UL001677,128,64,1280
2013,UL001679,928,64,480
2014,UL001713,164,64,1244
2015,UL001717,162,64,1245
2016,UL001719,143,64,1265
2017,UL001765,129,64,1279
2018,UL001769,130,64,1277
2019,UL001771,128,64,1279
2020,UL001773,142,64,1266
2021,UL001781,256,64,1152
2022,UL001783,128,64,1280
2023,UL001785,123,64,1280
2024,UL001787,126,64,1280
2025,UL001789,128,64,1280
2026,UL001791,128,64,1280
2027,UL001793,128,64,1280
2028,UL001795,127,64,1280
2029,UL001797,129,64,1279
2030,UL001799,128,64,1280
